,Number,HouseCount,HomeCount,Population,h,z,StreetNubmer,Area,node,AreaCode,StreetID,nodeCount
0,1,11,1060,2417,57.9025,62.13233333,C0035,宽城区,5863,2,171,6
1,2,37,4171,9080,51.79225,61.60666667,C0048,宽城区,5262,2,184,2
2,3,3,480,1333,54.80225,54.881,C0010,宽城区,5555,2,146,2
3,4,19,1093,2658,54.21575,67.84233333,C0053,宽城区,5568,2,189,2
4,5,15,1330,3033,56.7305,61.47933333,C0035,宽城区,5762,2,171,6
5,6,11,2546,5450,47.82175,65.638,C0054,宽城区,4866,2,190,3
6,7,10,1365,3806,57.871,59.00899999999999,C0024,宽城区,5860,2,160,2
7,8,27,1996,4853,53.9115,68.63166667,C0053,宽城区,5469,2,189,2
8,9,10,972,2002,54.8905,67.575,C0034,宽城区,5568,2,170,9
9,10,20,762,2775,57.7405,64.64233333,C0029,宽城区,5865,2,165,3
10,11,12,1415,3504,58.35525,69.70933333,C0030,宽城区,5970,2,166,3
11,12,9,575,1184,54.7115,61.394,C0034,宽城区,5562,2,170,9
12,13,5,624,2272,57.81225,65.95966667,C0029,宽城区,5866,2,165,3
13,14,23,2167,5498,53.98225,72.23533333,C0056,宽城区,5473,2,192,3
14,15,16,711,2589,57.75,62.89866667,C0029,宽城区,5863,2,165,3
15,16,34,2403,8007,60.693000000000005,66.16199999999999,C0040,宽城区,6167,2,176,1
16,17,13,1309,2766,57.776,59.85366667,C0027,宽城区,5860,2,163,2
17,18,38,4237,8960,58.34025,68.891,C0041,宽城区,5969,2,177,2
18,19,9,625,1548,58.5285,66.31233333,C0030,宽城区,5967,2,166,3
19,20,25,1217,3395,58.4545,58.33766667,C0024,宽城区,5959,2,160,2
20,21,7,415,1027,58.94275,62.983000000000004,C0030,宽城区,5963,2,166,3
21,22,21,1578,3825,46.35725,60.52333333,C0049,宽城区,4761,2,185,6
22,23,18,687,1566,57.688,63.82899999999999,C0035,宽城区,5864,2,171,6
23,24,17,775,1837,58.78325,63.85566667,C0023,宽城区,5964,2,159,3
24,25,5,975,2176,53.817,56.406000000000006,C0019,宽城区,5457,2,155,2
25,26,3,1310,2900,63.41525,53.26933333,C0018,宽城区,6454,2,154,6
26,27,10,609,1290,52.57475,62.80033333,C0047,宽城区,5363,2,183,8
27,28,13,574,1361,58.748000000000005,64.52433333,C0023,宽城区,5965,2,159,3
28,29,13,964,2000,60.34775,57.419,C0026,宽城区,6158,2,162,7
29,30,13,1691,4008,60.7765,62.90566667,C0023,宽城区,6163,2,159,3
30,31,21,3174,6491,62.0865,49.137,C0058,宽城区,6350,2,194,1
31,32,3,295,673,56.6375,60.85733333,C0035,宽城区,5761,2,171,6
32,33,11,1340,2831,59.83775,62.90666667,C0027,宽城区,6063,2,163,2
33,34,13,1454,3075,59.6325,65.77666667,C0041,宽城区,6066,2,177,2
34,35,34,1868,4109,60.917,65.80566667,C0039,宽城区,6166,2,175,1
35,36,4,875,2009,57.38075,50.39333333,C0006,宽城区,5851,2,142,2
36,37,20,1239,2766,48.22975,64.22666667,C0051,宽城区,4965,2,187,2
37,38,17,967,2065,50.00025,62.728,C0045,宽城区,5163,2,181,5
38,39,4,587,1383,53.61875,56.016999999999996,C0020,宽城区,5457,2,156,6
39,40,33,1758,3924,55.077,60.05933333,C0019,宽城区,5661,2,155,2
40,41,9,1064,2654,59.88575,63.489,C0028,宽城区,6064,2,164,5
41,42,7,350,722,52.7995,50.09033333,C0015,宽城区,5351,2,151,3
42,43,20,1336,2982,49.933,64.77166667,C0051,宽城区,5065,2,187,2
43,44,10,774,1722,52.343,65.14366667,C0043,宽城区,5366,2,179,6
44,45,3,256,812,55.08825,59.04633333,C0033,宽城区,5660,2,169,1
45,46,29,2270,5371,61.108000000000004,51.88166667,C0022,宽城区,6252,2,158,1
46,47,14,1078,2238,50.79075,63.61733333,C0042,宽城区,5164,2,178,3
47,48,10,1218,3719,58.61275,50.521,C0002,宽城区,5951,2,138,2
48,49,2,563,1963,59.2395,54.91666667,C0025,宽城区,6055,2,161,1
49,50,12,1677,3868,65.043,65.54233333,C0031,宽城区,6666,2,167,3
50,51,15,844,1982,63.6135,60.027,C0037,宽城区,6461,2,173,1
51,52,7,552,1228,53.57025,66.15133333,C0043,宽城区,5467,2,179,6
52,53,21,1250,3479,51.426,67.84899999999999,C0055,宽城区,5268,2,191,4
53,54,17,1233,3432,50.323,68.87133333,C0055,宽城区,5169,2,191,4
54,55,2,616,1472,45.091,60.59,C0046,宽城区,4661,2,182,4
55,56,10,559,1194,49.09525,64.29533333,C0045,宽城区,5065,2,181,5
56,57,7,611,1316,50.98475,65.579,C0044,宽城区,5166,2,180,5
57,58,4,421,960,55.13225,59.117,C0035,宽城区,5660,2,171,6
58,59,1,210,662,54.4555,50.27333333,C0011,宽城区,5551,2,147,2
59,60,4,475,1024,63.00525,49.81533333,C0003,宽城区,6450,2,139,3
60,61,11,650,1351,56.94125,57.077,C0021,宽城区,5758,2,157,4
61,62,6,421,874,60.59975,56.74466667,C0026,宽城区,6157,2,162,7
62,63,7,590,1260,50.2475,63.85266667,C0045,宽城区,5164,2,181,5
63,64,11,540,1202,51.55975,66.71966667,C0043,宽城区,5267,2,179,6
64,65,12,1045,2168,60.34775,57.419,C0026,宽城区,6158,2,162,7
65,66,17,1381,3205,58.95875,60.10766667,C0032,宽城区,5961,2,168,3
66,67,10,571,1186,50.39475,64.6,C0042,宽城区,5165,2,178,3
67,68,7,1703,3762,58.765,53.25366667,C0016,宽城区,5954,2,152,3
68,69,7,643,1333,61.59875,55.67133333,C0026,宽城区,6256,2,162,7
69,70,9,764,1700,51.85475,65.743,C0043,宽城区,5266,2,179,6
70,71,11,820,1785,48.9105,62.95133333,C0048,宽城区,4963,2,184,2
71,72,9,659,1459,63.52425,55.13,C0018,宽城区,6456,2,154,6
72,73,7,446,992,51.7395,65.18966667,C0043,宽城区,5266,2,179,6
73,74,5,811,2023,62.1765,59.60833333,C0028,宽城区,6360,2,164,5
74,75,15,2015,4649,64.1065,64.57933333,C0031,宽城区,6565,2,167,3
75,76,3,1547,3602,55.07075,55.23033333,C0013,宽城区,5656,2,149,4
76,77,10,865,1796,50.4975,64.88233333,C0042,宽城区,5165,2,178,3
77,78,7,1405,3400,57.13075,48.42,C0001,宽城区,5849,2,137,1
78,79,3,448,923,54.72475,60.65566667,C0034,宽城区,5561,2,170,9
79,80,6,280,577,55.0225,62.24566667,C0034,宽城区,5663,2,170,9
80,81,5,371,886,44.716,62.011,C0046,宽城区,4563,2,182,4
81,82,9,581,1349,57.9535,56.54433333,C0032,宽城区,5857,2,168,3
82,83,7,491,1246,53.98225,72.23533333,C0056,宽城区,5473,2,192,3
83,84,4,552,1285,53.5485,51.73033333,C0013,宽城区,5452,2,149,4
84,85,11,810,1834,47.7665,64.047,C0050,宽城区,4865,2,186,2
85,86,12,911,2016,63.4415,56.01966667,C0018,宽城区,6457,2,154,6
86,87,14,557,1331,45.3545,61.48766667,C0046,宽城区,4662,2,182,4
87,88,1,89,203,56.306999999999995,58.83566667,C0035,宽城区,5759,2,171,6
88,89,3,354,788,53.5545,67.99033333,C0043,宽城区,5468,2,179,6
89,90,7,513,1096,50.51675,63.038999999999994,C0045,宽城区,5164,2,181,5
90,91,3,236,491,55.15325,57.427,C0021,宽城区,5658,2,157,4
91,92,13,843,1801,50.15575,61.63833333,C0045,宽城区,5162,2,181,5
92,93,4,152,313,55.38425,61.44333333,C0034,宽城区,5662,2,170,9
93,94,10,731,1516,61.60575,56.619,C0026,宽城区,6257,2,162,7
94,95,5,367,855,53.48425,52.09533333,C0013,宽城区,5453,2,149,4
95,96,10,617,1496,49.0225,61.387,C0049,宽城区,5062,2,185,6
96,97,13,908,2265,60.34425,58.37033333,C0028,宽城区,6159,2,164,5
97,98,10,948,2042,52.81475,63.788000000000004,C0044,宽城区,5364,2,180,5
98,99,16,1735,3574,58.6385,69.42866667,C0034,宽城区,5970,2,170,9
99,100,10,625,1346,50.4215,63.37833333,C0044,宽城区,5164,2,180,5
100,101,10,618,1715,63.67875,59.481,C0036,宽城区,6460,2,172,2
101,102,5,529,1246,53.89575,55.53566667,C0020,宽城区,5456,2,156,6
102,103,6,390,905,56.99075,59.61,C0032,宽城区,5760,2,168,3
103,104,6,472,1144,46.39425,61.20433333,C0049,宽城区,4762,2,185,6
104,105,4,385,801,58.9515,56.36433333,C0021,宽城区,5957,2,157,4
105,106,3,185,381,55.17275,59.019,C0034,宽城区,5660,2,170,9
106,107,4,250,519,60.11975,56.72233333,C0026,宽城区,6157,2,162,7
107,108,4,418,1545,57.0785,52.74566667,C0009,宽城区,5853,2,145,1
108,109,6,524,1307,58.77725,60.69466667,C0028,宽城区,5961,2,164,5
109,110,8,596,1262,51.6905,59.08066667,C0047,宽城区,5260,2,183,8
110,111,3,227,480,51.1395,62.86766667,C0047,宽城区,5263,2,183,8
111,112,5,235,484,54.5835,62.755,C0034,宽城区,5563,2,170,9
112,113,1,97,252,56.57275,50.26366667,C0008,宽城区,5751,2,144,1
113,114,15,835,2632,54.5625,52.53766667,C0011,宽城区,5553,2,147,2
114,115,4,246,511,56.75025,58.644,C0021,宽城区,5759,2,157,4
115,116,10,635,1405,62.63975,57.45333333,C0018,宽城区,6358,2,154,6
116,117,7,520,1148,59.00125,51.34233333,C0016,宽城区,6052,2,152,3
117,118,4,133,274,52.2165,50.611999999999995,C0015,宽城区,5351,2,151,3
118,119,3,218,462,52.477,62.38966667,C0047,宽城区,5363,2,183,8
119,120,1,37,77,56.075,60.23,C0034,宽城区,5761,2,170,9
120,121,8,578,1267,51.5605,50.32833333,C0014,宽城区,5251,2,150,1
121,122,4,184,394,48.9355,63.92966667,C0054,宽城区,4964,2,190,3
122,123,13,1298,4224,54.607,50.953,C0012,宽城区,5551,2,148,1
123,124,1,363,802,59.97825,54.99133333,C0016,宽城区,6055,2,152,3
124,125,5,391,843,49.22475,63.62666667,C0044,宽城区,5064,2,180,5
125,126,12,497,1070,51.30225,64.70133333,C0044,宽城区,5265,2,180,5
126,127,1,78,207,56.51475,58.31733333,C0017,宽城区,5759,2,153,5
127,128,7,270,556,52.87075,51.997,C0015,宽城区,5352,2,151,3
128,129,3,374,846,47.9235,64.40366667,C0050,宽城区,4865,2,186,2
129,130,4,340,1135,62.81275,50.456,C0004,宽城区,6351,2,140,2
130,131,1,378,1049,54.92375,53.135,C0010,宽城区,5554,2,146,2
131,132,1,225,597,56.61075,57.70233333,C0017,宽城区,5758,2,153,5
132,133,3,281,746,57.61525,57.02166667,C0017,宽城区,5858,2,153,5
133,134,4,285,922,62.54375,59.333999999999996,C0038,宽城区,6360,2,174,1
134,135,1,62,144,52.9295,50.56466667,C0013,宽城区,5351,2,149,4
135,136,11,708,1971,52.20725,67.51133333,C0055,宽城区,5368,2,191,4
136,137,4,396,854,63.67925,50.285,C0003,宽城区,6451,2,139,3
137,138,10,781,1684,63.2495,49.09333333,C0003,宽城区,6450,2,139,3
138,139,7,508,1410,63.7355,58.698,C0036,宽城区,6459,2,172,2
139,140,3,190,504,56.91025,57.39466667,C0017,宽城区,5758,2,153,5
140,141,7,323,783,47.08325,61.783,C0049,宽城区,4862,2,185,6
141,142,8,562,1190,52.068999999999996,62.88766667,C0047,宽城区,5363,2,183,8
142,143,3,108,254,55.13225,59.117,C0020,宽城区,5660,2,156,6
143,144,7,740,1963,58.607,52.66533333,C0017,宽城区,5953,2,153,5
144,145,7,585,1418,45.91425,60.10366667,C0049,宽城区,4661,2,185,6
145,146,1,116,241,60.93575,55.52266667,C0026,宽城区,6156,2,162,7
146,147,2,173,646,58.06175,49.724,C0007,宽城区,5950,2,143,1
147,148,12,853,1959,55.549,51.79666667,C0006,宽城区,5652,2,142,2
148,149,7,667,1664,58.8405,61.229,C0028,宽城区,5962,2,164,5
149,150,5,316,669,51.97225,64.29866667,C0047,宽城区,5265,2,183,8
150,151,7,312,756,47.1875,61.748000000000005,C0049,宽城区,4862,2,185,6
151,152,4,219,464,52.363,65.05133333,C0047,宽城区,5366,2,183,8
152,153,5,344,729,51.30225,64.70133333,C0047,宽城区,5265,2,183,8
153,154,5,234,785,52.19525,50.20133333,C0057,宽城区,5351,2,193,1
154,155,5,414,871,63.03875,50.75,C0005,宽城区,6451,2,141,1
155,156,5,377,835,62.25075,57.269,C0018,宽城区,6358,2,154,6
156,157,7,672,1705,54.33875,68.61966667,C0056,宽城区,5569,2,192,3
157,158,3,354,1081,59.575,52.13,C0002,宽城区,6053,2,138,2
158,159,4,277,662,45.555,62.71533333,C0046,宽城区,4663,2,182,4
159,160,3,443,1044,55.7775,60.768,C0020,宽城区,5661,2,156,6
160,161,1,328,1095,61.739,49.78733333,C0004,宽城区,6250,2,140,2
161,162,1,240,514,51.48125,63.497,C0054,宽城区,5264,2,190,3
162,163,8,439,972,62.3865,56.51133333,C0018,宽城区,6357,2,154,6
163,164,2,111,261,55.38425,61.44333333,C0020,宽城区,5662,2,156,6
164,165,9,467,951,47.24100000000001,68.21,C0052,宽城区,4869,2,188,1
165,166,3,1185,2792,53.61875,56.016999999999996,C0020,宽城区,5457,2,156,6
166,167,3,188,523,51.77525,63.20433333,C0055,宽城区,5264,2,191,4
167,168,7,570,1315,63.351000000000006,60.701,C0031,宽城区,6461,2,167,3
168,169,30,3319,7330,65.207,43.51933333,E0033,二道区,6644,4,284,1
169,170,34,2525,6309,70.639,43.302,E0007,二道区,7144,4,258,2
170,171,19,1796,3659,67.0455,44.802,E0009,二道区,6845,4,260,6
171,172,24,2413,7817,71.0105,42.38133333,E0018,二道区,7243,4,269,1
172,173,30,5230,11489,69.831,42.30766667,E0008,二道区,7043,4,259,1
173,174,12,2138,4315,71.83375,43.15266667,E0015,二道区,7244,4,266,3
174,175,22,2689,6719,69.92325,43.50333333,E0007,二道区,7044,4,258,2
175,176,10,2230,5153,71.34100000000001,44.70133333,E0014,二道区,7245,4,265,2
176,177,16,2773,7266,70.90775,48.64733333,E0030,二道区,7149,4,281,1
177,178,34,982,1995,65.6145,39.48133333,E0012,二道区,6640,4,263,4
178,179,26,1506,3126,67.4835,44.941,E0025,二道区,6845,4,276,1
179,180,20,873,1758,65.102,44.648,E0034,二道区,6645,4,285,2
180,181,13,1015,2220,70.453,44.53666667,E0006,二道区,7145,4,257,4
181,182,23,2646,6031,68.039,43.39566667,E0026,二道区,6944,4,277,3
182,183,36,3631,7397,66.98899999999999,42.92033333,E0009,二道区,6743,4,260,6
183,184,30,1187,2534,67.47,39.07533333,E0004,二道区,6840,4,255,3
184,185,22,2257,5378,67.5625,58.10833333,E0036,二道区,6859,4,287,9
185,186,11,2096,5930,67.587,50.60766667,E0043,二道区,6851,4,294,2
186,187,22,1417,3980,69.039,39.584,E0005,二道区,7040,4,256,2
187,188,11,668,1460,69.7945,45.44566667,E0006,二道区,7046,4,257,4
188,189,10,1468,2963,72.028,42.136,E0015,二道区,7343,4,266,3
189,190,15,828,1811,69.73125,45.82166667,E0006,二道区,7046,4,257,4
190,191,19,3514,7681,70.003,39.86933333,E0017,二道区,7140,4,268,1
191,192,23,2843,7986,68.2335,42.638000000000005,E0005,二道区,6943,4,256,2
192,193,21,2067,4413,68.11475,41.19933333,E0004,二道区,6942,4,255,3
193,194,14,1577,5100,69.7045,47.016999999999996,E0029,二道区,7048,4,280,1
194,195,6,841,1872,65.84775,49.316,E0028,二道区,6650,4,279,3
195,196,8,1471,3173,72.017,44.695,E0024,二道区,7345,4,275,3
196,197,10,740,1767,65.83575,41.47866667,E0013,二道区,6642,4,264,2
197,198,16,1941,4834,70.39425,41.30666667,E0021,二道区,7142,4,272,1
198,199,17,1315,2875,70.006,40.96266667,E0006,二道区,7141,4,257,4
199,200,7,1402,3766,70.55975,49.01266667,E0023,二道区,7150,4,274,1
200,201,14,989,2307,73.0965,41.24733333,E0016,二道区,7442,4,267,4
201,202,9,585,1249,67.4495,40.66166667,E0004,二道区,6841,4,255,3
202,203,6,576,1313,68.82075,45.42533333,E0026,二道区,6946,4,277,3
203,204,19,849,1936,69.503,46.56399999999999,E0026,二道区,7047,4,277,3
204,205,9,754,1766,68.626,44.94466667,E0027,二道区,6945,4,278,2
205,206,19,2248,6361,67.465,51.49333333,E0043,二道区,6852,4,294,2
206,207,54,2464,5774,67.98899999999999,46.33666667,E0027,二道区,6847,4,278,2
207,208,19,1032,2585,70.937,39.58,E0022,二道区,7140,4,273,10
208,209,27,1356,2987,69.59625,57.403999999999996,E0037,二道区,7058,4,288,4
209,210,2,1024,2366,69.32625,41.47733333,E0014,二道区,7042,4,265,2
210,211,9,2135,4704,69.95525,51.49266667,E0037,二道区,7052,4,288,4
211,212,10,389,792,68.8075,40.72033333,E0009,二道区,6941,4,260,6
212,213,15,1401,3119,67.00725,47.101000000000006,E0028,二道区,6848,4,279,3
213,214,13,648,1398,70.2315,46.18333333,E0024,二道区,7147,4,275,3
214,215,10,963,2077,69.99225,47.49933333,E0024,二道区,7048,4,275,3
215,216,9,537,1178,67.3405,41.35233333,E0010,二道区,6842,4,261,7
216,217,8,658,1648,70.06825,44.87966667,E0022,二道区,7145,4,273,10
217,218,5,985,2413,75.01,44.28766667,E0048,二道区,7645,4,299,4
218,219,45,1920,5284,68.21975,63.73766667,E0040,二道区,6964,4,291,3
219,220,7,532,1084,68.85525,40.19933333,E0009,二道区,6941,4,260,6
220,221,24,3214,10019,71.182,57.13766667,E0039,二道区,7258,4,290,1
221,222,18,969,2135,69.585,58.316,E0037,二道区,7059,4,288,4
222,223,6,1619,4076,67.14475,55.19533333,E0038,二道区,6856,4,289,3
223,224,7,587,1472,70.707,45.44966667,E0022,二道区,7146,4,273,10
224,225,18,1104,2421,66.41475,42.13633333,E0010,二道区,6743,4,261,7
225,226,6,533,1169,66.6195,41.69066667,E0010,二道区,6742,4,261,7
226,227,18,1385,3299,67.89175,59.89166667,E0036,二道区,6860,4,287,9
227,228,9,426,868,67.245,45.324,E0009,二道区,6846,4,260,6
228,229,10,1746,4267,67.77775,50.99533333,E0042,二道区,6851,4,293,1
229,230,10,1389,3823,68.0195,61.074,E0040,二道区,6962,4,291,3
230,231,10,1389,3497,68.58475,56.50633333,E0038,二道区,6957,4,289,3
231,232,5,380,906,65.83275,41.93,E0013,二道区,6642,4,264,2
232,233,12,1022,2065,71.92425,48.28533333,E0020,二道区,7249,4,271,4
233,234,15,993,2004,71.274,40.673,E0015,二道区,7241,4,266,3
234,235,11,820,2065,68.60575,57.37633333,E0038,二道区,6958,4,289,3
235,236,5,214,434,65.605,40.305,E0012,二道区,6641,4,263,4
236,237,10,988,2561,67.86775,53.39533333,E0041,二道区,6854,4,292,6
237,238,5,734,1902,68.5165,54.513999999999996,E0041,二道区,6955,4,292,6
238,239,9,1049,2312,70.37899999999999,57.67366667,E0037,二道区,7158,4,288,4
239,240,7,632,1277,69.99225,47.49933333,E0020,二道区,7048,4,271,4
240,241,7,950,2263,66.8035,60.90766667,E0036,二道区,6761,4,287,9
241,242,10,643,1431,66.96525,48.70366667,E0028,二道区,6749,4,279,3
242,243,7,1048,2884,67.768,61.501000000000005,E0040,二道区,6862,4,291,3
243,244,14,1108,2872,68.619,52.46666667,E0041,二道区,6953,4,292,6
244,245,13,1378,3599,74.109,57.37833333,E0032,二道区,7558,4,283,6
245,246,7,371,756,67.3145,46.001000000000005,E0009,二道区,6847,4,260,6
246,247,22,1296,3384,73.27525,57.13,E0032,二道区,7458,4,283,6
247,248,22,3232,8489,68.5155,65.00933333,E0031,二道区,6966,4,282,1
248,249,11,507,1182,72.0745,40.07966667,E0016,二道区,7341,4,267,4
249,250,2,1056,2152,69.0045,41.486999999999995,E0010,二道区,7042,4,261,7
250,251,5,471,1122,67.2635,57.688,E0036,二道区,6858,4,287,9
251,252,2,116,236,66.215,38.96966667,E0012,二道区,6739,4,263,4
252,253,5,316,642,66.4905,39.20033333,E0012,二道区,6740,4,263,4
253,254,7,1182,2401,65.42975,40.515,E0011,二道区,6641,4,262,10
254,255,4,141,309,66.87100000000001,40.652,E0010,二道区,6741,4,261,7
255,256,4,273,637,73.25775,41.972,E0016,二道区,7442,4,267,4
256,257,7,424,1010,67.71275,58.41866667,E0036,二道区,6859,4,287,9
257,258,9,541,1187,67.54575,47.23233333,E0010,二道区,6848,4,261,7
258,259,3,272,597,66.64575,40.67166667,E0010,二道区,6741,4,261,7
259,260,3,350,768,68.2345,41.91166667,E0034,二道区,6942,4,285,2
260,261,3,255,639,69.5675,45.103,E0022,二道区,7046,4,273,10
261,262,8,749,1941,68.2365,47.51433333,E0041,二道区,6948,4,292,6
262,263,3,276,659,65.54975,41.16666667,E0011,二道区,6642,4,262,10
263,264,5,748,1745,71.605,39.510999999999996,E0016,二道区,7240,4,267,4
264,265,10,617,1470,67.94925,58.136,E0036,二道区,6859,4,287,9
265,266,9,482,971,66.317,44.32666667,E0044,二道区,6745,4,295,10
266,267,5,309,1081,66.46475,40.199,E0011,二道区,6741,4,262,10
267,268,14,1990,5157,69.99775,58.885,E0041,二道区,7059,4,292,6
268,269,7,485,1215,70.054,41.51266667,E0022,二道区,7142,4,273,10
269,270,4,593,1536,67.86775,53.39533333,E0041,二道区,6854,4,292,6
270,271,2,212,742,66.48625,38.87866667,E0011,二道区,6739,4,262,10
271,272,3,246,861,66.815,39.08266667,E0011,二道区,6740,4,262,10
272,273,17,1000,2383,67.483,56.283,E0036,二道区,6857,4,287,9
273,274,27,2885,5828,68.59375,48.49933333,E0020,二道区,6949,4,271,4
274,275,2,258,600,73.47875,46.547,E0019,二道区,7447,4,270,4
275,276,11,1076,2563,67.96300000000001,57.25833333,E0036,二道区,6858,4,287,9
276,277,2,282,706,69.81875,38.92933333,E0022,二道区,7039,4,273,10
277,278,14,1652,3936,69.6635,61.60966667,E0036,二道区,7062,4,287,9
278,279,5,480,969,71.36125,41.358000000000004,E0022,二道区,7242,4,273,10
279,280,41,2100,4251,68.85625,64.34633333,E0001,二道区,6965,4,252,2
280,281,14,1158,2344,67.5355,56.52433333,E0001,二道区,6857,4,252,2
281,282,2,142,356,69.44425,39.86133333,E0022,二道区,7040,4,273,10
282,283,4,309,1082,65.83275,41.93,E0011,二道区,6642,4,262,10
283,284,2,104,364,66.2755,40.359,E0011,二道区,6741,4,262,10
284,285,2,312,1078,66.6195,45.93133333,E0044,二道区,6746,4,295,10
285,286,5,128,320,71.24600000000001,45.51933333,E0022,二道区,7246,4,273,10
286,287,5,546,1368,68.5475,38.63733333,E0022,二道区,6939,4,273,10
287,288,14,1021,2730,71.38225,39.25,E0047,二道区,7240,4,298,10
288,289,5,261,698,72.06525,39.70766667,E0047,二道区,7340,4,298,10
289,290,4,701,1874,71.5325,38.88933333,E0047,二道区,7239,4,298,10
290,291,6,350,813,73.024,40.22866667,E0019,二道区,7441,4,270,4
291,292,9,1114,2251,72.87525,52.723,E0020,二道区,7353,4,271,4
292,293,5,314,636,67.71275,58.41866667,E0003,二道区,6859,4,254,4
293,294,3,413,834,68.6575,55.80366667,E0003,二道区,6956,4,254,4
294,295,5,404,1395,67.2,45.91933333,E0044,二道区,6846,4,295,10
295,296,3,260,652,71.54525,39.90433333,E0047,二道区,7240,4,298,10
296,297,2,68,238,66.87100000000001,40.652,E0011,二道区,6741,4,262,10
297,298,6,406,1086,73.23775,38.74066667,E0047,二道区,7439,4,298,10
298,299,9,695,2471,67.57075,57.03266667,E0003,二道区,6858,4,254,4
299,300,5,179,478,69.27,40.59366667,E0047,二道区,7041,4,298,10
300,301,4,287,667,72.8875,40.49833333,E0019,二道区,7341,4,270,4
301,302,3,180,481,72.24575,39.43233333,E0047,二道区,7340,4,298,10
302,303,10,214,572,70.2915,38.77566667,E0047,二道区,7139,4,298,10
303,304,7,634,2189,67.77775,50.99533333,E0044,二道区,6851,4,295,10
304,305,18,1155,2683,72.0045,47.59866667,E0019,二道区,7348,4,270,4
305,306,5,546,1459,71.91125,38.727,E0047,二道区,7239,4,298,10
306,307,7,261,901,67.627,46.98733333,E0044,二道区,6847,4,295,10
307,308,4,267,714,72.6265,38.864000000000004,E0047,二道区,7339,4,298,10
308,309,8,689,2379,68.81075,53.63366667,E0044,二道区,6954,4,295,10
309,310,10,1362,3557,73.27525,57.13,E0032,二道区,7458,4,283,6
310,311,16,1426,3872,69.32225,61.003,E0002,二道区,7062,4,253,1
311,312,3,201,695,67.068,46.22466667,E0044,二道区,6847,4,295,10
312,313,3,128,449,66.2495,40.686,E0011,二道区,6741,4,262,10
313,314,3,221,774,65.9745,40.83733333,E0011,二道区,6641,4,262,10
314,315,5,1414,3781,72.58175,42.30033333,E0049,二道区,7343,4,300,5
315,316,14,1403,3664,69.36425,59.65533333,E0032,二道区,7060,4,283,6
316,317,3,398,1374,68.8655,43.84633333,E0044,二道区,6944,4,295,10
317,318,6,313,818,72.83775,49.97633333,E0032,二道区,7350,4,283,6
318,319,3,375,833,72.8075,39.50733333,E0049,二道区,7340,4,300,5
319,320,6,318,706,72.18775,38.774,E0049,二道区,7339,4,300,5
320,321,5,708,1849,72.82075,55.01466667,E0032,二道区,7356,4,283,6
321,322,5,158,553,66.0505,39.726,E0044,二道区,6740,4,295,10
322,323,3,98,338,66.5995,47.025,E0044,二道区,6748,4,295,10
323,324,2,102,214,68.95075,38.95966667,E0046,二道区,6939,4,297,3
324,325,4,315,699,70.52275,41.28766667,E0049,二道区,7142,4,300,5
325,326,2,318,736,68.583,53.73533333,E0035,二道区,6954,4,286,1
326,327,2,510,1068,68.52525,39.093,E0046,二道区,6940,4,297,3
327,328,3,188,426,69.81875,38.92933333,E0050,二道区,7039,4,301,1
328,329,4,467,977,67.55425,38.51566667,E0046,二道区,6839,4,297,3
329,330,6,272,666,74.0815,49.089,E0048,二道区,7550,4,299,4
330,331,3,611,1356,70.9105,40.321,E0049,二道区,7141,4,300,5
331,332,9,385,1329,68.58675,51.26266667,E0045,二道区,6952,4,296,3
332,333,6,757,1854,73.83675,46.59833333,E0048,二道区,7447,4,299,4
333,334,10,649,1589,73.05575,45.58766667,E0048,二道区,7446,4,299,4
334,335,3,261,929,67.453,60.40333333,E0003,二道区,6861,4,254,4
335,336,8,538,1857,68.21125,54.25433333,E0045,二道区,6955,4,296,3
336,337,6,408,1514,67.25775,45.35366667,E0045,二道区,6846,4,296,3
337,338,23,1634,5084,42.75875,34.76633333,A0059,朝阳区,4335,0,58,8
338,339,35,3043,7500,48.68899999999999,37.41133333,A0049,朝阳区,4938,0,48,3
339,340,16,1740,4024,41.47625,34.62566667,A0057,朝阳区,4235,0,56,4
340,341,77,4467,11681,49.43600000000001,28.84566667,A0029,朝阳区,5029,0,28,1
341,342,117,5933,15044,50.02875,32.9,A0025,朝阳区,5133,0,24,1
342,343,15,1757,4064,41.05925,33.942,A0057,朝阳区,4234,0,56,4
343,344,9,1845,5865,38.97825,32.66666667,A0012,朝阳区,3933,0,11,1
344,345,15,849,2641,43.17925,34.57,A0059,朝阳区,4435,0,58,8
345,346,6,1426,3002,39.89925,32.69233333,A0014,朝阳区,4033,0,13,5
346,347,13,1197,3721,43.138000000000005,35.94733333,A0069,朝阳区,4436,0,68,4
347,348,55,2434,7011,49.41125,30.84566667,A0027,朝阳区,5031,0,26,2
348,349,20,1420,3500,49.80125,36.685,A0049,朝阳区,5037,0,48,3
349,350,14,1195,4149,47.906000000000006,38.67333333,A0051,朝阳区,4839,0,50,5
350,351,16,1337,2790,46.755,36.30833333,A0054,朝阳区,4737,0,53,10
351,352,21,3255,8168,45.3055,38.50366667,A0056,朝阳区,4639,0,55,2
352,353,49,3507,8963,37.7225,31.45466667,A0066,朝阳区,3832,0,65,1
353,354,7,615,1375,43.77175,33.98933333,A0011,朝阳区,4434,0,10,5
354,355,56,3487,7917,45.75625,32.505,A0068,朝阳区,4633,0,67,1
355,356,29,1813,3662,53.675,30.58233333,A0065,朝阳区,5431,0,64,4
356,357,107,4481,10302,50.5845,47.333999999999996,A0040,朝阳区,5148,0,39,1
357,358,17,1275,2870,42.62975,32.278,A0017,朝阳区,4333,0,16,7
358,359,13,1113,3865,46.059,38.33733333,A0051,朝阳区,4739,0,50,5
359,360,12,1514,4576,47.74575,37.20233333,A0053,朝阳区,4838,0,52,8
360,361,5,1086,2243,55.28775,37.91666667,A0020,朝阳区,5638,0,19,9
361,362,16,1108,2316,48.347,39.45833333,A0050,朝阳区,4940,0,49,4
362,363,49,3384,10110,49.30275,45.742,A0039,朝阳区,5046,0,38,1
363,364,7,471,1089,42.226000000000006,35.32366667,A0057,朝阳区,4336,0,56,4
364,365,67,3361,8045,52.6075,41.79666667,A0032,朝阳区,5342,0,31,4
365,366,27,1205,2645,55.04,47.81466667,A0035,朝阳区,5648,0,34,3
366,367,12,1262,2634,46.0245,35.53233333,A0054,朝阳区,4736,0,53,10
367,368,11,594,1315,44.117,35.79,A0055,朝阳区,4536,0,54,8
368,369,24,1590,3297,54.61325,36.26433333,A0024,朝阳区,5537,0,23,2
369,370,15,674,1867,43.15775,30.433000000000003,A0064,朝阳区,4431,0,63,3
370,371,12,375,1209,55.34575,34.11333333,A0031,朝阳区,5635,0,30,2
371,372,84,2040,7821,55.63725,40.17033333,A0021,朝阳区,5641,0,20,1
372,373,71,4529,9143,50.74475,47.06399999999999,A0061,朝阳区,5148,0,60,1
373,374,7,932,1962,39.85075,32.49933333,A0014,朝阳区,4033,0,13,5
374,375,9,623,1535,49.10175,35.84,A0049,朝阳区,5036,0,48,3
375,376,17,1049,2949,51.80225,28.12866667,A0028,朝阳区,5229,0,27,3
376,377,9,1425,3337,47.8025,32.083,A0016,朝阳区,4833,0,15,3
377,378,5,1525,3375,44.244,37.49833333,A0055,朝阳区,4538,0,54,8
378,379,7,376,1188,54.7885,37.86833333,A0023,朝阳区,5538,0,22,3
379,380,6,353,1099,43.091,33.894,A0059,朝阳区,4434,0,58,8
380,381,47,3537,9794,44.501999999999995,30.23433333,A0064,朝阳区,4531,0,63,3
381,382,15,617,1275,55.0025,37.66,A0020,朝阳区,5638,0,19,9
382,383,16,665,1497,42.65575,33.113,A0017,朝阳区,4334,0,16,7
383,384,9,833,1875,43.02325,31.33966667,A0017,朝阳区,4432,0,16,7
384,385,39,2449,8023,53.28675,46.66466667,A0038,朝阳区,5447,0,37,1
385,386,9,793,2229,51.872,28.98866667,A0028,朝阳区,5229,0,27,3
386,387,8,599,1326,44.90325,37.012,A0055,朝阳区,4538,0,54,8
387,388,2,840,1876,51.1505,46.438,A0043,朝阳区,5247,0,42,5
388,389,16,1957,4295,54.5055,46.935,A0035,朝阳区,5547,0,34,3
389,390,7,548,1446,54.254,28.569000000000003,A0030,朝阳区,5529,0,29,4
390,391,32,1323,2959,49.9965,46.14333333,A0042,朝阳区,5047,0,41,5
391,392,7,856,2259,53.8205,29.22433333,A0030,朝阳区,5430,0,29,4
392,393,19,753,1556,46.48725,28.02866667,A0018,朝阳区,4729,0,17,2
393,394,52,1770,3949,55.27,41.18333333,A0033,朝阳区,5642,0,32,3
394,395,35,1875,5720,48.58425,44.49433333,A0045,朝阳区,4945,0,44,2
395,396,7,642,1436,44.37675,34.04133333,A0011,朝阳区,4535,0,10,5
396,397,7,490,1525,43.42575,34.56466667,A0059,朝阳区,4435,0,58,8
397,398,24,1157,2399,54.45975,35.82933333,A0024,朝阳区,5536,0,23,2
398,399,40,1406,4714,51.1675,48.69333333,A0041,朝阳区,5249,0,40,1
399,400,31,784,1942,50.5375,38.68866667,A0048,朝阳区,5139,0,47,5
400,401,7,761,1702,44.9685,34.52166667,A0011,朝阳区,4535,0,10,5
401,402,5,405,1259,42.80225,35.961,A0069,朝阳区,4336,0,68,4
402,403,45,2166,4832,55.38575,42.27933333,A0033,朝阳区,5643,0,32,3
403,404,16,1194,2859,53.57275,41.73266667,A0032,朝阳区,5442,0,31,4
404,405,5,888,1851,50.4275,47.85333333,A0044,朝阳区,5148,0,43,1
405,406,8,622,1377,43.84725,36.19,A0055,朝阳区,4437,0,54,8
406,407,10,727,1691,46.743,40.117,A0052,朝阳区,4741,0,51,6
407,408,7,488,1475,47.33025,37.52133333,A0053,朝阳区,4838,0,52,8
408,409,48,2250,5681,54.214,39.14766667,A0022,朝阳区,5540,0,21,2
409,410,16,899,2738,46.913000000000004,32.34366667,A0013,朝阳区,4733,0,12,1
410,411,8,499,1124,42.62975,32.278,A0017,朝阳区,4333,0,16,7
411,412,44,2357,4869,55.6465,38.60466667,A0020,朝阳区,5639,0,19,9
412,413,50,2769,6991,54.06125,39.91733333,A0022,朝阳区,5540,0,21,2
413,414,7,763,2372,42.35325,35.72233333,A0069,朝阳区,4336,0,68,4
414,415,18,771,1785,56.2065,31.90066667,A0058,朝阳区,5732,0,57,1
415,416,15,915,1926,40.39075,32.778,A0014,朝阳区,4133,0,13,5
416,417,10,892,2696,48.08775,36.79166667,A0053,朝阳区,4937,0,52,8
417,418,38,1651,3689,52.30825,49.26166667,A0043,朝阳区,5350,0,42,5
418,419,30,1829,4378,51.93975,43.196999999999996,A0032,朝阳区,5244,0,31,4
419,420,15,1193,2490,48.70225,33.239000000000004,A0054,朝阳区,4934,0,53,10
420,421,25,1132,3574,53.8605,38.35566667,A0023,朝阳区,5439,0,22,3
421,422,12,5079,10461,51.10175,29.02566667,A0010,朝阳区,5230,0,9,2
422,423,7,719,1663,42.5135,35.58633333,A0057,朝阳区,4336,0,56,4
423,424,5,165,341,55.84825,37.191,A0020,朝阳区,5638,0,19,9
424,425,31,1335,3615,55.14525,45.00633333,A0037,朝阳区,5646,0,36,2
425,426,7,321,847,54.563,30.49166667,A0030,朝阳区,5531,0,29,4
426,427,56,1270,2787,53.44725,47.28433333,A0035,朝阳区,5448,0,34,3
427,428,47,2079,5487,55.24075,30.42466667,A0030,朝阳区,5631,0,29,4
428,429,6,594,1795,47.2305,36.925,A0053,朝阳区,4837,0,52,8
429,430,29,1498,3473,52.558,46.72366667,A0034,朝阳区,5347,0,33,2
430,431,49,2148,6283,57.07775,39.40533333,A0008,朝阳区,5840,0,7,1
431,432,13,1162,3546,48.24675,43.37533333,A0045,朝阳区,4944,0,44,2
432,433,19,542,1120,45.72775,28.51466667,A0018,朝阳区,4629,0,17,2
433,434,11,914,2044,49.4825,46.868,A0042,朝阳区,5047,0,41,5
434,435,19,965,1949,54.7005,30.88133333,A0065,朝阳区,5531,0,64,4
435,436,8,406,1282,54.4825,37.58733333,A0023,朝阳区,5538,0,22,3
436,437,42,1707,3808,54.87475,40.39066667,A0033,朝阳区,5541,0,32,3
437,438,21,1010,2502,49.408,38.216,A0048,朝阳区,5039,0,47,5
438,439,5,709,1569,44.85,37.52333333,A0055,朝阳区,4538,0,54,8
439,440,46,2535,5586,57.06175,38.81066667,A0005,朝阳区,5839,0,4,4
440,441,35,1031,2390,51.427,44.41866667,A0034,朝阳区,5245,0,33,2
441,442,4,364,847,47.172,41.12033333,A0052,朝阳区,4842,0,51,6
442,443,30,1286,4196,57.4415,47.69566667,A0001,朝阳区,5848,0,0,1
443,444,2,280,872,44.37875,34.50333333,A0059,朝阳区,4535,0,58,8
444,445,38,1904,4201,48.158,45.16233333,A0063,朝阳区,4946,0,62,1
445,446,23,831,1714,53.827,47.566,A0036,朝阳区,5448,0,35,2
446,447,45,1658,3559,53.1375,39.43333333,A0019,朝阳区,5440,0,18,2
447,448,11,520,1162,50.96125,47.57733333,A0043,朝阳区,5148,0,42,5
448,449,20,1200,2504,47.251000000000005,35.70866667,A0054,朝阳区,4836,0,53,10
449,450,5,320,709,45.83775,36.80566667,A0055,朝阳区,4637,0,54,8
450,451,18,1028,2546,50.51975,37.56133333,A0048,朝阳区,5138,0,47,5
451,452,11,549,1156,40.39075,32.778,A0014,朝阳区,4133,0,13,5
452,453,6,634,1826,48.99475,32.85333333,A0027,朝阳区,4933,0,26,2
453,454,6,187,581,42.53,34.007,A0059,朝阳区,4335,0,58,8
454,455,7,589,1316,51.243,48.33733333,A0043,朝阳区,5249,0,42,5
455,456,47,2187,4903,49.1365,29.98333333,A0067,朝阳区,5030,0,66,2
456,457,2,94,190,54.76675,31.599,A0065,朝阳区,5532,0,64,4
457,458,26,1035,2944,49.888999999999996,42.48033333,A0046,朝阳区,5043,0,45,3
458,459,27,1061,3017,50.36600000000001,42.937,A0046,朝阳区,5143,0,45,3
459,460,11,576,1297,43.0295,31.23133333,A0017,朝阳区,4432,0,16,7
460,461,3,369,825,50.54725,44.68933333,A0042,朝阳区,5145,0,41,5
461,462,2,1102,2320,40.2895,33.04133333,A0014,朝阳区,4134,0,13,5
462,463,15,983,2287,47.821000000000005,40.92433333,A0052,朝阳区,4841,0,51,6
463,464,6,544,1473,53.99125,45.526,A0037,朝阳区,5446,0,36,2
464,465,7,454,1022,42.4505,32.70066667,A0017,朝阳区,4333,0,16,7
465,466,7,239,529,43.9635,36.46966667,A0055,朝阳区,4437,0,54,8
466,467,9,380,1225,55.8715,34.81633333,A0031,朝阳区,5635,0,30,2
467,468,26,1201,3061,48.152,43.65966667,A0062,朝阳区,4944,0,61,4
468,469,18,1137,3197,52.6495,28.10433333,A0028,朝阳区,5329,0,27,3
469,470,9,651,1968,47.6155,36.35033333,A0053,朝阳区,4837,0,52,8
470,471,12,876,1807,52.80575,46.87166667,A0036,朝阳区,5347,0,35,2
471,472,19,660,1580,53.224,41.62633333,A0032,朝阳区,5442,0,31,4
472,473,6,408,918,42.04175,33.07666667,A0017,朝阳区,4334,0,16,7
473,474,8,341,844,50.57225,36.94466667,A0048,朝阳区,5137,0,47,5
474,475,7,1061,3206,47.24825,36.61566667,A0053,朝阳区,4837,0,52,8
475,476,4,819,1905,47.56775,42.207,A0052,朝阳区,4843,0,51,6
476,477,2,126,384,57.45625,41.65266667,A0007,朝阳区,5842,0,6,2
477,478,6,514,1423,43.47625,30.68466667,A0064,朝阳区,4431,0,63,3
478,479,22,762,1679,55.655,41.373999999999995,A0005,朝阳区,5642,0,4,4
479,480,11,718,1499,45.9275,34.61366667,A0054,朝阳区,4635,0,53,10
480,481,7,515,1151,44.0175,33.524,A0011,朝阳区,4534,0,10,5
481,482,3,1652,7939,54.8675,46.119,A0002,朝阳区,5547,0,1,1
482,483,7,1021,2391,48.0875,31.67666667,A0016,朝阳区,4932,0,15,3
483,484,6,390,814,46.55825,35.336999999999996,A0054,朝阳区,4736,0,53,10
484,485,32,1481,3180,53.95775,40.00266667,A0019,朝阳区,5441,0,18,2
485,486,26,1304,5043,59.73975,42.683,A0003,朝阳区,6043,0,2,1
486,487,7,488,1090,50.803000000000004,47.76933333,A0043,朝阳区,5148,0,42,5
487,488,31,647,1323,58.75,41.55866667,A0006,朝阳区,5942,0,5,1
488,489,3,222,771,46.02075,38.67833333,A0051,朝阳区,4739,0,50,5
489,490,10,552,1293,48.13125,31.011,A0016,朝阳区,4932,0,15,3
490,491,10,757,1761,47.707,40.52633333,A0052,朝阳区,4841,0,51,6
491,492,8,475,1105,47.7765,40.16733333,A0052,朝阳区,4841,0,51,6
492,493,11,715,1571,46.63425,41.479,A0060,朝阳区,4742,0,59,2
493,494,2,252,784,42.5045,34.16866667,A0059,朝阳区,4335,0,58,8
494,495,13,281,858,54.4355,43.782,A0007,朝阳区,5544,0,6,2
495,496,4,644,1344,45.49325,34.45,A0054,朝阳区,4635,0,53,10
496,497,10,392,820,48.021,41.076,A0050,朝阳区,4942,0,49,4
497,498,30,2256,4646,50.2395,25.48766667,A0010,朝阳区,5126,0,9,2
498,499,24,848,2412,53.869,40.47,A0046,朝阳区,5441,0,45,3
499,500,11,395,1007,47.5845,41.40233333,A0062,朝阳区,4842,0,61,4
500,501,4,413,1434,46.6875,40.463,A0051,朝阳区,4741,0,50,5
501,502,16,729,1858,48.628,43.672,A0062,朝阳区,4944,0,61,4
502,503,2,126,278,54.235,41.44333333,A0005,朝阳区,5542,0,4,4
503,504,35,1103,2278,54.555,39.28433333,A0020,朝阳区,5540,0,19,9
504,505,17,743,2246,47.8065,37.56533333,A0053,朝阳区,4838,0,52,8
505,506,4,365,762,46.65775,35.38066667,A0054,朝阳区,4736,0,53,10
506,507,42,1628,3465,53.2655,39.483000000000004,A0047,朝阳区,5440,0,46,4
507,508,5,360,904,45.3195,38.03233333,A0056,朝阳区,4639,0,55,2
508,509,7,651,1456,43.482,31.97533333,A0011,朝阳区,4432,0,10,5
509,510,13,629,1392,44.97475,36.96333333,A0055,朝阳区,4537,0,54,8
510,511,7,302,666,54.8445,41.85566667,A0005,朝阳区,5542,0,4,4
511,512,7,266,557,48.075,41.716,A0050,朝阳区,4942,0,49,4
512,513,29,1297,2761,50.03725,40.495,A0047,朝阳区,5141,0,46,4
513,514,9,335,1013,48.37025,35.10233333,A0053,朝阳区,4936,0,52,8
514,515,7,477,996,45.97875,36.11966667,A0054,朝阳区,4637,0,53,10
515,516,24,915,1948,53.672,41.37966667,A0047,朝阳区,5442,0,46,4
516,517,7,291,601,54.2435,39.64866667,A0020,朝阳区,5540,0,19,9
517,518,3,582,1202,55.178999999999995,39.30433333,A0020,朝阳区,5640,0,19,9
518,519,16,1151,2450,52.75475,40.409,A0047,朝阳区,5341,0,46,4
519,520,19,1023,2534,50.47725,40.689,A0048,朝阳区,5141,0,47,5
520,521,5,240,611,47.56025,41.979,A0062,朝阳区,4842,0,61,4
521,522,9,425,958,53.7865,36.51966667,A0015,朝阳区,5437,0,14,1
522,523,3,339,1062,56.7315,47.79600000000001,A0004,朝阳区,5748,0,3,1
523,524,3,309,638,56.0295,37.85766667,A0020,朝阳区,5738,0,19,9
524,525,9,500,1118,50.72,44.068000000000005,A0042,朝阳区,5145,0,41,5
525,526,7,223,509,55.548,32.10533333,A0026,朝阳区,5633,0,25,1
526,527,29,1724,3865,49.87525,29.77433333,A0067,朝阳区,5030,0,66,2
527,528,13,336,1045,42.33675,35.782,A0069,朝阳区,4336,0,68,4
528,529,6,180,560,43.65725,35.41066667,A0059,朝阳区,4436,0,58,8
529,530,9,250,559,50.00225,46.30466667,A0042,朝阳区,5147,0,41,5
530,531,4,224,777,46.718999999999994,38.424,A0051,朝阳区,4739,0,50,5
531,532,13,506,1071,53.156000000000006,26.024,A0009,朝阳区,5427,0,8,1
532,533,4,371,815,46.63775,41.38666667,A0060,朝阳区,4742,0,59,2
533,534,12,265,535,55.15775,31.516,A0065,朝阳区,5632,0,64,4
534,535,17,418,864,54.2205,39.185,A0020,朝阳区,5540,0,19,9
535,536,4,223,466,50.1485,41.49733333,A0050,朝阳区,5142,0,49,4
536,537,8,467,975,46.3,36.04,A0054,朝阳区,4737,0,53,10
537,538,22,1434,3061,35.04125,46.06633333,D0012,绿园区,3647,3,206,6
538,539,18,1385,2955,35.78375,45.82933333,D0012,绿园区,3646,3,206,6
539,540,6,1423,4838,43.1275,45.79266667,D0030,绿园区,4446,3,224,1
540,541,32,1282,3315,39.8,45.71633333,D0007,绿园区,4046,3,201,3
541,542,43,2207,8092,39.568000000000005,49.321000000000005,D0008,绿园区,4050,3,202,2
542,543,48,2747,6062,47.31625,45.98333333,D0028,绿园区,4846,3,222,2
543,544,7,1010,2312,43.67225,54.25733333,D0022,绿园区,4455,3,216,3
544,545,11,2408,5405,35.624,50.11233333,D0041,绿园区,3651,3,235,4
545,546,28,2783,6944,29.79675,42.281000000000006,D0047,绿园区,3043,3,241,1
546,547,10,889,1897,35.02825,46.675,D0012,绿园区,3647,3,206,6
547,548,34,1312,3208,34.26675,42.40666667,D0045,绿园区,3543,3,239,2
548,549,20,1027,2267,45.78525,45.30866667,D0028,绿园区,4646,3,222,2
549,550,18,923,1934,44.6105,53.119,D0037,绿园区,4554,3,231,9
550,551,12,647,1380,35.0735,45.227,D0012,绿园区,3646,3,206,6
551,552,20,954,2095,46.4025,43.75466667,D0014,绿园区,4744,3,208,2
552,553,46,2467,5588,32.53,52.174,D0040,绿园区,3353,3,234,1
553,554,15,924,2260,34.33675,43.59466667,D0045,绿园区,3544,3,239,2
554,555,14,970,2145,35.629,50.05933333,D0044,绿园区,3651,3,238,1
555,556,18,719,2760,33.1775,42.38633333,D0049,绿园区,3443,3,243,1
556,557,14,1047,2114,47.36600000000001,45.23933333,D0025,绿园区,4846,3,219,4
557,558,5,995,3005,43.24025,45.27466667,D0015,绿园区,4446,3,209,3
558,559,20,808,1694,44.4765,52.292,D0037,绿园区,4553,3,231,9
559,560,32,2076,4222,49.36425,56.68033333,D0023,绿园区,5057,3,217,6
560,561,60,3660,7960,41.21725,48.24633333,D0011,绿园区,4249,3,205,2
561,562,21,1422,3065,36.7195,48.45733333,D0005,绿园区,3749,3,199,3
562,563,14,1660,3726,35.624,50.11233333,D0041,绿园区,3651,3,235,4
563,564,18,961,2408,37.8465,47.519,D0006,绿园区,3848,3,200,8
564,565,19,1204,2477,42.05525,49.45933333,D0009,绿园区,4350,3,203,10
565,566,14,778,1692,41.37775,46.76933333,D0011,绿园区,4247,3,205,2
566,567,22,1278,2599,49.14275,57.58566667,D0023,绿园区,5058,3,217,6
567,568,11,970,2509,39.07975,46.93766667,D0007,绿园区,4047,3,201,3
568,569,10,603,1287,37.43075,45.897,D0012,绿园区,3846,3,206,6
569,570,28,2324,6166,28.55,38.35866667,D0046,绿园区,2939,3,240,2
570,571,8,818,2115,38.8615,45.574,D0007,绿园区,3946,3,201,3
571,572,6,788,2995,39.739000000000004,53.35133333,D0039,绿园区,4054,3,233,2
572,573,3,684,1383,45.05125,43.313,D0013,绿园区,4644,3,207,4
573,574,12,1044,2176,49.41125,47.59333333,D0003,绿园区,5048,3,197,4
574,575,20,2340,6118,20.86425,36.69133333,D0048,绿园区,2137,3,242,2
575,576,5,269,813,43.9975,45.271,D0015,绿园区,4446,3,209,3
576,577,26,1503,3201,49.48675,50.01966667,D0032,绿园区,5051,3,226,3
577,578,10,1470,5389,39.75725,47.323,D0008,绿园区,4048,3,202,2
578,579,7,414,1055,47.391000000000005,44.501999999999995,D0027,绿园区,4845,3,221,4
579,580,7,971,1963,45.5165,43.96266667,D0013,绿园区,4644,3,207,4
580,581,11,581,1173,48.26725,48.24566667,D0025,绿园区,4949,3,219,4
581,582,11,482,1706,41.27275,45.67833333,D0010,绿园区,4246,3,204,10
582,583,10,892,2848,46.7935,54.13466667,D0019,绿园区,4755,3,213,1
583,584,16,735,1650,34.1385,49.463,D0041,绿园区,3550,3,235,4
584,585,4,433,1532,40.96225,45.431999999999995,D0010,绿园区,4146,3,204,10
585,586,28,1419,2919,41.84125,50.373999999999995,D0009,绿园区,4251,3,203,10
586,587,15,1786,4790,37.123000000000005,53.44566667,D0051,绿园区,3854,3,245,2
587,588,11,1290,2896,34.5815,50.46933333,D0041,绿园区,3551,3,235,4
588,589,22,1513,3860,44.2135,58.36333333,D0038,绿园区,4559,3,232,3
589,590,5,599,1527,47.12575,44.69833333,D0027,绿园区,4845,3,221,4
590,591,5,626,1264,47.37,47.071999999999996,D0025,绿园区,4848,3,219,4
591,592,9,458,1147,39.09775,46.10833333,D0006,绿园区,4047,3,200,8
592,593,19,1387,3184,48.77825,50.22066667,D0033,绿园区,4951,3,227,2
593,594,2,592,1196,47.78025,49.28466667,D0025,绿园区,4850,3,219,4
594,595,15,677,1770,20.9755,35.867,D0048,绿园区,2136,3,242,2
595,596,11,468,1193,47.34075,43.64433333,D0027,绿园区,4844,3,221,4
596,597,2,140,424,43.77475,45.28366667,D0015,绿园区,4446,3,209,3
597,598,16,1078,2192,51.5345,58.5,D0023,绿园区,5259,3,217,6
598,599,8,533,1886,41.64175,47.092,D0010,绿园区,4248,3,204,10
599,600,8,638,1337,43.78175,53.32033333,D0037,绿园区,4454,3,231,9
600,601,14,680,1556,45.501999999999995,53.80466667,D0022,绿园区,4654,3,216,3
601,602,21,1472,2993,50.775,55.87533333,D0023,绿园区,5156,3,217,6
602,603,7,421,850,47.5545,48.541000000000004,D0033,绿园区,4849,3,227,2
603,604,3,383,976,47.8545,43.736999999999995,D0027,绿园区,4844,3,221,4
604,605,5,304,679,48.021,46.428999999999995,D0002,绿园区,4947,3,196,2
605,606,5,344,789,48.011,48.96766667,D0032,绿园区,4949,3,226,3
606,607,5,361,807,48.397,45.76466667,D0002,绿园区,4946,3,196,2
607,608,21,1439,3671,44.665,56.74,D0038,绿园区,4557,3,232,3
608,609,8,362,795,46.28875,45.20933333,D0014,绿园区,4746,3,208,2
609,610,4,209,446,37.0845,46.06733333,D0012,绿园区,3847,3,206,6
610,611,6,1582,3583,43.22375,46.26966667,D0026,绿园区,4447,3,220,2
611,612,10,680,1419,45.09475,47.666000000000004,D0024,绿园区,4648,3,218,8
612,613,5,336,1189,41.4915,45.85866667,D0010,绿园区,4246,3,204,10
613,614,9,980,3724,39.739000000000004,53.35133333,D0039,绿园区,4054,3,233,2
614,615,18,918,1978,35.624,50.11233333,D0005,绿园区,3651,3,199,3
615,616,7,397,1200,47.15725,49.52766667,D0035,绿园区,4850,3,229,4
616,617,30,1899,4089,47.44775,54.64533333,D0016,绿园区,4855,3,210,2
617,618,11,978,2624,36.52025,51.23,D0051,绿园区,3752,3,245,2
618,619,5,444,1003,44.88975,51.34666667,D0036,绿园区,4552,3,230,10
619,620,27,3228,6956,38.82125,53.44833333,D0005,绿园区,3954,3,199,3
620,621,5,208,521,38.09575,45.86866667,D0006,绿园区,3946,3,200,8
621,622,17,743,1549,48.39025,47.46,D0003,绿园区,4948,3,197,4
622,623,6,475,1146,37.28325,51.09366667,D0052,绿园区,3852,3,246,2
623,624,12,811,1699,43.11575,53.84833333,D0037,绿园区,4454,3,231,9
624,625,13,362,1124,40.3255,44.04600000000001,D0054,绿园区,4145,3,248,7
625,626,11,592,1337,45.159,50.39766667,D0036,绿园区,4651,3,230,10
626,627,17,1174,2461,41.02175,53.96666667,D0037,绿园区,4254,3,231,9
627,628,6,242,855,42.5085,45.96166667,D0010,绿园区,4346,3,204,10
628,629,34,1536,3105,45.3235,44.192,D0013,绿园区,4645,3,207,4
629,630,28,2803,8095,30.239,45.66866667,D0056,绿园区,3146,3,250,1
630,631,6,256,625,44.81025,49.60566667,D0029,绿园区,4550,3,223,3
631,632,5,610,1279,42.5595,53.45533333,D0037,绿园区,4354,3,231,9
632,633,7,795,1659,46.7115,48.424,D0024,绿园区,4749,3,218,8
633,634,5,274,583,48.88675,49.21633333,D0032,绿园区,4950,3,226,3
634,635,10,846,1740,41.299,49.79066667,D0009,绿园区,4250,3,203,10
635,636,7,219,549,39.46475,47.00133333,D0006,绿园区,4048,3,200,8
636,637,20,1087,2488,45.08575,54.32899999999999,D0022,绿园区,4655,3,216,3
637,638,2,224,464,43.86075,44.92266667,D0031,绿园区,4445,3,225,3
638,639,23,1346,2721,46.63775,41.38666667,D0013,绿园区,4742,3,207,4
639,640,9,471,958,49.9785,57.641000000000005,D0023,绿园区,5058,3,217,6
640,641,3,173,612,42.047,46.05033333,D0010,绿园区,4347,3,204,10
641,642,2,224,676,47.54325,50.172,D0035,绿园区,4851,3,229,4
642,643,5,388,973,38.01225,48.07533333,D0006,绿园区,3949,3,200,8
643,644,12,703,1446,42.44825,48.52366667,D0009,绿园区,4349,3,203,10
644,645,4,307,639,48.72725,45.49433333,D0003,绿园区,4946,3,197,4
645,646,5,393,837,51.33875,51.08666667,D0003,绿园区,5252,3,197,4
646,647,13,519,1082,50.74475,47.06399999999999,D0004,绿园区,5148,3,198,3
647,648,5,421,871,46.086999999999996,56.80866667,D0021,绿园区,4757,3,215,3
648,649,9,470,1012,46.68775,55.128,D0016,绿园区,4756,3,210,2
649,650,3,233,824,41.776,45.16966667,D0010,绿园区,4246,3,204,10
650,651,3,273,966,41.7265,46.20166667,D0010,绿园区,4247,3,204,10
651,652,7,467,964,51.85575,57.56466667,D0020,绿园区,5258,3,214,2
652,653,4,187,661,41.4705,46.16133333,D0010,绿园区,4247,3,204,10
653,654,14,1809,3640,26.44625,45.28466667,D0050,绿园区,2746,3,244,1
654,655,5,186,658,41.43275,45.35733333,D0010,绿园区,4246,3,204,10
655,656,56,3101,6971,46.86600000000001,56.81233333,D0017,绿园区,4757,3,211,1
656,657,11,1019,2457,33.16275,50.746,D0052,绿园区,3451,3,246,2
657,658,12,646,1619,37.7585,49.22666667,D0006,绿园区,3850,3,200,8
658,659,2,170,528,41.815,45.805,D0054,绿园区,4246,3,248,7
659,660,14,2190,5006,31.958000000000002,45.43566667,D0057,绿园区,3246,3,251,2
660,661,10,1243,3115,36.48825,50.67066667,D0006,绿园区,3751,3,200,8
661,662,3,182,381,45.081,46.08,D0024,绿园区,4647,3,218,8
662,663,4,815,1677,43.05775,48.89133333,D0009,绿园区,4449,3,203,10
663,664,5,380,973,46.42325,53.36533333,D0034,绿园区,4754,3,228,3
664,665,27,996,2120,31.69975,52.71233333,D0053,绿园区,3253,3,247,2
665,666,5,829,1714,46.27425,58.042,D0021,绿园区,4759,3,215,3
666,667,18,894,2281,44.49675,57.40733333,D0038,绿园区,4558,3,232,3
667,668,6,420,868,51.33875,51.08666667,D0020,绿园区,5252,3,214,2
668,669,8,586,1468,39.848,47.086999999999996,D0006,绿园区,4048,3,200,8
669,670,10,1427,2980,46.75899999999999,45.52733333,D0024,绿园区,4746,3,218,8
670,671,17,696,2103,49.63,49.40833333,D0035,绿园区,5050,3,229,4
671,672,11,1074,2221,45.32775,55.833999999999996,D0021,绿园区,4656,3,215,3
672,673,4,784,2721,39.739000000000004,53.35133333,D0042,绿园区,4054,3,236,1
673,674,6,247,499,46.067,44.528,D0024,绿园区,4745,3,218,8
674,675,8,650,1362,43.9625,54.09233333,D0037,绿园区,4455,3,231,9
675,676,8,417,848,50.416000000000004,56.152,D0023,绿园区,5157,3,217,6
676,677,4,259,541,47.0945,47.16133333,D0024,绿园区,4848,3,218,8
677,678,5,301,627,46.8525,55.565,D0018,绿园区,4756,3,212,5
678,679,13,733,1536,45.16475,55.17866667,D0037,绿园区,4656,3,231,9
679,680,3,80,168,47.12,48.88633333,D0024,绿园区,4849,3,218,8
680,681,3,1451,4506,37.3645,45.03366667,D0054,绿园区,3846,3,248,7
681,682,4,308,645,42.64325,52.67766667,D0037,绿园区,4353,3,231,9
682,683,12,599,1275,29.58725,51.553000000000004,D0053,绿园区,3052,3,247,2
683,684,4,149,311,47.38275,44.07366667,D0004,绿园区,4845,3,198,3
684,685,8,445,1006,45.159,50.39766667,D0036,绿园区,4651,3,230,10
685,686,13,486,1469,50.58,47.52766667,D0035,绿园区,5148,3,229,4
686,687,10,486,1000,38.23525,50.45433333,D0009,绿园区,3951,3,203,10
687,688,6,491,1109,45.0855,50.56266667,D0036,绿园区,4651,3,230,10
688,689,6,476,992,48.18475,56.37733333,D0018,绿园区,4957,3,212,5
689,690,3,374,774,45.294,44.578,D0031,绿园区,4645,3,225,3
690,691,9,783,2078,29.421999999999997,40.84266667,D0046,绿园区,3041,3,240,2
691,692,7,862,1947,43.7775,53.821000000000005,D0036,绿园区,4454,3,230,10
692,693,6,323,665,39.99,52.482,D0009,绿园区,4053,3,203,10
693,694,12,470,1121,35.18825,51.40666667,D0043,绿园区,3652,3,237,2
694,695,47,2779,6875,30.21975,39.716,D0055,绿园区,3140,3,249,1
695,696,2,450,1016,44.574,52.731,D0036,绿园区,4553,3,230,10
696,697,2,144,298,43.5765,45.001999999999995,D0031,绿园区,4446,3,225,3
697,698,24,1394,3567,50.58,47.52766667,D0034,绿园区,5148,3,228,3
698,699,2,488,1018,46.265,46.29633333,D0024,绿园区,4747,3,218,8
699,700,2,108,336,42.16475,46.21166667,D0054,绿园区,4347,3,248,7
700,701,4,120,373,38.50225,47.39166667,D0054,绿园区,3948,3,248,7
701,702,14,414,863,47.70925,54.74033333,D0018,绿园区,4855,3,212,5
702,703,4,148,335,42.835,46.39666667,D0026,绿园区,4347,3,220,2
703,704,4,143,444,39.86225,46.93133333,D0054,绿园区,4047,3,248,7
704,705,3,312,651,47.88375,44.97266667,D0004,绿园区,4845,3,198,3
705,706,3,288,737,49.05525,47.89233333,D0034,绿园区,5048,3,228,3
706,707,2,164,400,48.22775,46.55633333,D0029,绿园区,4947,3,223,3
707,708,20,1053,2379,48.798,49.73633333,D0036,绿园区,4950,3,230,10
708,709,5,303,685,43.92475,52.18033333,D0036,绿园区,4453,3,230,10
709,710,2,180,376,49.0415,50.28066667,D0018,绿园区,5051,3,212,5
710,711,9,574,1297,44.40025,54.396,D0036,绿园区,4555,3,230,10
711,712,5,401,836,47.035,53.45466667,D0018,绿园区,4854,3,212,5
712,713,7,478,1158,46.556999999999995,57.35133333,D0001,绿园区,4758,3,195,1
713,714,2,150,338,48.54425,50.498999999999995,D0036,绿园区,4951,3,230,10
714,715,5,224,461,43.18125,51.41566667,D0009,绿园区,4452,3,203,10
715,716,15,662,1579,34.186,59.42633333,D0043,绿园区,3560,3,237,2
716,717,14,723,1487,34.07625,51.62566667,D0009,绿园区,3552,3,203,10
717,718,12,999,2284,29.758000000000003,45.55,D0057,绿园区,3046,3,251,2
718,719,7,390,802,42.068000000000005,48.85766667,D0009,绿园区,4349,3,203,10
719,720,5,210,653,38.391999999999996,48.46,D0054,绿园区,3949,3,248,7
720,721,4,951,2321,47.70975,51.87433333,D0029,绿园区,4852,3,223,3
721,722,22,2635,6792,58.87725,20.30733333,B0032,南关区,5921,1,100,10
722,723,4,944,2033,53.2295,15.72,B0037,南关区,5416,1,105,8
723,724,11,1294,4657,47.00275,15.96,B0034,南关区,4816,1,102,10
724,725,10,1556,4010,58.04325,20.37033333,B0032,南关区,5921,1,100,10
725,726,51,1900,3996,61.0925,28.23733333,B0030,南关区,6229,1,98,7
726,727,23,1708,3593,61.0685,28.92033333,B0030,南关区,6229,1,98,7
727,728,17,3749,11619,64.24525,51.30166667,B0059,南关区,6552,1,127,1
728,729,7,820,2952,48.184,17.131,B0034,南关区,4918,1,102,10
729,730,9,1026,3693,47.98375,17.64266667,B0034,南关区,4818,1,102,10
730,731,38,1264,2589,58.717,29.45033333,B0031,南关区,5930,1,99,2
731,732,111,4331,8874,58.24575,26.51266667,B0031,南关区,5927,1,99,2
732,733,12,1211,3572,44.523999999999994,15.18066667,B0068,南关区,4516,1,136,5
733,734,8,704,1823,62.71325,47.91733333,B0026,南关区,6348,1,94,2
734,735,12,1310,2821,53.8125,13.76533333,B0037,南关区,5414,1,105,8
735,736,33,4154,8543,61.383,46.54566667,B0028,南关区,6247,1,96,1
736,737,9,863,1858,54.49975,15.844000000000001,B0037,南关区,5516,1,105,8
737,738,36,1654,3389,59.00175,31.381,B0032,南关区,6032,1,100,10
738,739,4,855,1824,52.0875,22.01333333,B0060,南关区,5323,1,128,6
739,740,9,615,1593,62.6875,47.56866667,B0026,南关区,6348,1,94,2
740,741,11,1299,2748,53.8475,25.83,B0029,南关区,5426,1,97,4
741,742,9,452,951,63.2355,28.249000000000002,B0030,南关区,6429,1,98,7
742,743,46,3218,6704,63.07,45.26633333,B0006,南关区,6446,1,74,1
743,744,13,982,3535,46.068000000000005,15.052999999999999,B0034,南关区,4716,1,102,10
744,745,4,885,1905,52.3705,15.446,B0037,南关区,5316,1,105,8
745,746,12,1578,3761,60.36625,44.34566667,B0014,南关区,6145,1,82,1
746,747,12,1098,3952,48.4625,16.72766667,B0034,南关区,4917,1,102,10
747,748,45,2787,6034,58.8165,45.45166667,B0010,南关区,5946,1,78,1
748,749,42,3602,10083,61.184,42.87033333,B0003,南关区,6243,1,71,1
749,750,11,1520,4166,57.55125,29.741,B0002,南关区,5830,1,70,9
750,751,30,2798,6610,60.99975,44.88633333,B0017,南关区,6145,1,85,1
751,752,9,919,3308,45.30725,15.04866667,B0034,南关区,4616,1,102,10
752,753,7,1108,2364,52.63575,22.80233333,B0060,南关区,5323,1,128,6
753,754,9,956,2058,52.3965,14.13666667,B0037,南关区,5315,1,105,8
754,755,8,583,1256,53.06475,14.16266667,B0037,南关区,5415,1,105,8
755,756,7,495,1013,58.91875,41.16433333,B0018,南关区,5942,1,86,2
756,757,10,781,1681,53.79,15.01333333,B0037,南关区,5416,1,105,8
757,758,46,4612,15132,59.60875,46.636,B0001,南关区,6047,1,69,9
758,759,23,2049,4317,59.51425,44.19433333,B0005,南关区,6045,1,73,1
759,760,9,1043,2155,60.21325,42.55733333,B0019,南关区,6143,1,87,3
760,761,4,692,2490,50.979,17.442999999999998,B0034,南关区,5118,1,102,10
761,762,13,1168,2471,55.169,26.97433333,B0029,南关区,5627,1,97,4
762,763,41,3139,8203,63.02075,35.28866667,B0001,南关区,6436,1,69,9
763,764,13,2647,5601,55.035,26.23,B0029,南关区,5627,1,97,4
764,765,9,875,2632,63.04325,48.375,B0025,南关区,6449,1,93,1
765,766,7,1683,3540,64.125,50.87366667,B0027,南关区,6551,1,95,2
766,767,5,366,1029,48.184,17.131,B0038,南关区,4918,1,106,1
767,768,19,1036,2179,61.261,29.956999999999997,B0030,南关区,6230,1,98,7
768,769,13,1078,2417,48.7465,20.308,B0065,南关区,4921,1,133,7
769,770,6,623,1606,60.5765,21.276999999999997,B0032,南关区,6122,1,100,10
770,771,38,1965,4018,56.76675,39.19433333,B0018,南关区,5740,1,86,2
771,772,5,678,1460,52.34425,15.68133333,B0037,南关区,5316,1,105,8
772,773,9,1274,3418,60.38975,42.15466667,B0023,南关区,6143,1,91,1
773,774,10,846,2863,63.724,47.097,B0052,南关区,6448,1,120,1
774,775,10,1013,3646,50.0955,13.195,B0034,南关区,5114,1,102,10
775,776,10,532,1119,62.503,28.129,B0030,南关区,6329,1,98,7
776,777,21,1690,3514,64.289,52.57,B0042,南关区,6553,1,110,1
777,778,13,1168,3011,58.535,28.31733333,B0032,南关区,5929,1,100,10
778,779,10,1235,3643,40.74,18.33666667,B0068,南关区,4119,1,136,5
779,780,3,501,1035,59.0965,40.424,B0019,南关区,6041,1,87,3
780,781,14,1108,3441,59.77975,45.101000000000006,B0013,南关区,6046,1,81,1
781,782,20,533,1128,55.38375,26.08366667,B0029,南关区,5627,1,97,4
782,783,8,776,1603,59.4,42.12466667,B0019,南关区,6043,1,87,3
783,784,18,1252,3925,57.4845,47.95033333,B0008,南关区,5848,1,76,1
784,785,8,398,1026,59.50625,28.52266667,B0032,南关区,6029,1,100,10
785,786,8,426,1374,56.80175,35.416,B0049,南关区,5736,1,117,8
786,787,16,1175,2367,53.8475,25.83,B0036,南关区,5426,1,104,5
787,788,11,884,3182,50.0845,15.09133333,B0034,南关区,5116,1,102,10
788,789,15,1116,4159,57.55275,42.071000000000005,B0007,南关区,5843,1,75,1
789,790,47,2819,6040,57.608999999999995,46.876000000000005,B0044,南关区,5847,1,112,1
790,791,4,297,625,63.7995,51.43533333,B0027,南关区,6452,1,95,2
791,792,11,371,1335,47.7525,18.67966667,B0034,南关区,4819,1,102,10
792,793,4,389,795,58.448,36.50666667,B0049,南关区,5937,1,117,8
793,794,25,2282,6226,58.52725,48.54166667,B0011,南关区,5949,1,79,1
794,795,4,419,881,59.3895,41.34333333,B0024,南关区,6042,1,92,3
795,796,14,882,1855,62.80575,30.866,B0030,南关区,6331,1,98,7
796,797,4,622,1327,50.7995,16.389,B0060,南关区,5117,1,128,6
797,798,1,596,2491,56.732,47.00333333,B0004,南关区,5748,1,72,1
798,799,32,2468,6833,58.184,43.40033333,B0022,南关区,5944,1,90,1
799,800,6,404,814,53.156000000000006,26.024,B0036,南关区,5427,1,104,5
800,801,3,307,791,58.57475,21.70666667,B0032,南关区,5922,1,100,10
801,802,10,582,1223,60.778999999999996,43.417,B0024,南关区,6144,1,92,3
802,803,16,2772,5628,64.12225,53.14633333,B0001,南关区,6554,1,69,9
803,804,37,1149,3002,62.68475,32.789,B0001,南关区,6333,1,69,9
804,805,15,958,2015,60.73725,30.607,B0030,南关区,6131,1,98,7
805,806,6,646,2003,61.478,46.24933333,B0016,南关区,6247,1,84,1
806,807,13,1169,2457,58.73275,41.56633333,B0024,南关区,5942,1,92,3
807,808,5,399,804,54.082,26.101999999999997,B0036,南关区,5527,1,104,5
808,809,7,513,1151,49.2925,12.4,B0065,南关区,5013,1,133,7
809,810,7,458,1180,59.00575,28.75466667,B0032,南关区,6029,1,100,10
810,811,9,494,1354,57.723,28.92866667,B0002,南关区,5829,1,70,9
811,812,12,803,2998,57.784,45.37566667,B0039,南关区,5846,1,107,1
812,813,6,593,1943,58.88,40.56833333,B0015,南关区,5941,1,83,1
813,814,13,1060,2770,61.903999999999996,34.556,B0001,南关区,6235,1,69,9
814,815,17,1305,2853,60.83075,48.74100000000001,B0012,南关区,6149,1,80,2
815,816,19,1833,4501,59.675,43.16666667,B0009,南关区,6044,1,77,1
816,817,12,902,2141,63.57475,48.45166667,B0054,南关区,6449,1,122,2
817,818,8,422,1346,60.7635,40.76966667,B0020,南关区,6141,1,88,2
818,819,5,515,1126,60.856,45.93366667,B0012,南关区,6146,1,80,2
819,820,5,598,1908,59.69275,41.523,B0020,南关区,6042,1,88,2
820,821,8,908,2036,48.36125,13.20366667,B0065,南关区,4914,1,133,7
821,822,9,753,1689,46.873000000000005,14.12833333,B0065,南关区,4715,1,133,7
822,823,5,595,1631,56.85025,30.65833333,B0002,南关区,5731,1,70,9
823,824,17,1067,2788,62.803000000000004,36.749,B0001,南关区,6337,1,69,9
824,825,4,233,667,55.748000000000005,25.55833333,B0033,南关区,5626,1,101,2
825,826,9,610,1229,54.64825,27.383000000000003,B0036,南关区,5528,1,104,5
826,827,8,768,1979,60.66,21.59266667,B0032,南关区,6122,1,100,10
827,828,1,333,1300,61.44175,46.14133333,B0043,南关区,6247,1,111,2
828,829,7,1853,4733,59.84175,48.36733333,B0021,南关区,6049,1,89,1
829,830,10,875,2286,63.38075,39.16133333,B0001,南关区,6440,1,69,9
830,831,7,541,1414,63.29675,38.66633333,B0001,南关区,6439,1,69,9
831,832,9,708,1825,59.6535,21.963,B0032,南关区,6022,1,100,10
832,833,1,99,387,63.35975,53.39933333,B0043,南关区,6454,1,111,2
833,834,2,280,597,50.961999999999996,17.20866667,B0060,南关区,5118,1,128,6
834,835,5,434,1128,57.406000000000006,43.26833333,B0040,南关区,5844,1,108,1
835,836,16,1314,3119,63.3475,41.18066667,B0054,南关区,6442,1,122,2
836,837,11,440,1206,56.9265,31.781999999999996,B0002,南关区,5732,1,70,9
837,838,1,142,366,59.74525,30.17566667,B0002,南关区,6031,1,70,9
838,839,10,632,2038,56.35425,33.75,B0049,南关区,5734,1,117,8
839,840,2,233,609,60.8405,42.01833333,B0001,南关区,6143,1,69,9
840,841,17,1477,3860,63.9025,48.83466667,B0056,南关区,6449,1,124,4
841,842,10,2059,5380,59.691,50.18366667,B0049,南关区,6051,1,117,8
842,843,16,1082,2827,63.184,46.74033333,B0056,南关区,6447,1,124,4
843,844,4,428,1521,57.9675,49.12133333,B0041,南关区,5850,1,109,1
844,845,9,618,1286,61.5525,40.77,B0057,南关区,6241,1,125,8
845,846,9,871,1822,63.21975,39.87466667,B0056,南关区,6440,1,124,4
846,847,20,493,1105,49.6935,20.04133333,B0065,南关区,5021,1,133,7
847,848,16,474,1011,50.9935,19.41666667,B0060,南关区,5120,1,128,6
848,849,21,1170,2435,63.61475,35.74833333,B0057,南关区,6436,1,125,8
849,850,6,467,1378,43.672,18.61066667,B0068,南关区,4419,1,136,5
850,851,1,47,129,59.2075,30.476999999999997,B0002,南关区,6031,1,70,9
851,852,1,120,329,58.28475,29.86866667,B0002,南关区,5930,1,70,9
852,853,7,558,1167,63.5545,47.26533333,B0056,南关区,6448,1,124,4
853,854,7,833,1743,62.88925,42.43166667,B0057,南关区,6343,1,125,8
854,855,8,291,939,58.8175,40.46,B0049,南关区,5941,1,117,8
855,856,4,291,586,54.15325,25.212,B0036,南关区,5526,1,104,5
856,857,9,547,1173,59.83975,21.05766667,B0064,南关区,6022,1,132,2
857,858,7,423,949,45.765,18.792,B0065,南关区,4619,1,133,7
858,859,7,500,1370,57.44675,30.38333333,B0002,南关区,5831,1,70,9
859,860,6,382,1232,60.36675,45.57766667,B0049,南关区,6146,1,117,8
860,861,18,1444,4657,58.68,46.31233333,B0049,南关区,5947,1,117,8
861,862,16,406,910,47.937,19.63966667,B0065,南关区,4820,1,133,7
862,863,17,840,2478,40.74,18.33666667,B0068,南关区,4119,1,136,5
863,864,7,278,762,60.19575,30.201999999999998,B0002,南关区,6131,1,70,9
864,865,3,296,619,62.653999999999996,42.513000000000005,B0057,南关区,6343,1,125,8
865,866,4,274,751,57.40925,28.75233333,B0048,南关区,5829,1,116,4
866,867,7,470,1516,58.3725,42.08,B0049,南关区,5943,1,117,8
867,868,7,209,617,43.68825,17.48133333,B0068,南关区,4418,1,136,5
868,869,10,722,2328,59.38525,44.89466667,B0045,南关区,6045,1,113,3
869,870,8,710,1478,61.33425,37.90866667,B0057,南关区,6238,1,125,8
870,871,13,708,2283,59.861000000000004,32.91966667,B0051,南关区,6033,1,119,9
871,872,5,407,918,57.33025,40.653,B0045,南关区,5841,1,113,3
872,873,5,414,958,59.9795,30.618000000000002,B0051,南关区,6031,1,119,9
873,874,6,866,1848,57.95,15.84066667,B0060,南关区,5816,1,128,6
874,875,4,682,1427,62.685,45.01933333,B0057,南关区,6346,1,125,8
875,876,7,373,776,62.46725,28.651999999999997,B0057,南关区,6329,1,125,8
876,877,4,578,1210,61.74875,44.64633333,B0057,南关区,6245,1,125,8
877,878,3,188,393,63.66125,38.492,B0058,南关区,6439,1,126,7
878,879,11,1582,3293,62.9275,46.301,B0058,南关区,6347,1,126,7
879,880,21,891,1854,61.083,35.01933333,B0051,南关区,6236,1,119,9
880,881,5,316,713,58.1115,41.757,B0045,南关区,5942,1,113,3
881,882,4,289,583,56.10175,24.355999999999998,B0061,南关区,5725,1,129,3
882,883,1,471,951,51.093,17.03233333,B0061,南关区,5218,1,129,3
883,884,11,1377,3105,60.97825,48.11933333,B0046,南关区,6149,1,114,1
884,885,11,352,773,59.08975,42.16866667,B0051,南关区,6043,1,119,9
885,886,9,737,2083,48.7465,20.308,B0067,南关区,4921,1,135,3
886,887,8,515,1132,57.90675,46.15566667,B0051,南关区,5847,1,119,9
887,888,6,171,345,50.968999999999994,15.82433333,B0061,南关区,5116,1,129,3
888,889,1,517,1558,61.87825,43.56133333,B0058,南关区,6244,1,126,7
889,890,8,279,613,60.09075,41.80533333,B0051,南关区,6142,1,119,9
890,891,3,352,1061,61.5525,41.66466667,B0058,南关区,6242,1,126,7
891,892,10,446,980,57.403,42.29333333,B0051,南关区,5843,1,119,9
892,893,9,358,829,56.715,41.783,B0051,南关区,5742,1,119,9
893,894,4,343,905,56.031000000000006,26.89033333,B0048,南关区,5727,1,116,4
894,895,9,349,921,56.995,30.291,B0048,南关区,5731,1,116,4
895,896,9,474,1097,58.49525,43.262,B0051,南关区,5944,1,119,9
896,897,4,328,989,62.49625,42.09933333,B0058,南关区,6343,1,126,7
897,898,9,504,1166,56.72075,41.53466667,B0047,南关区,5742,1,115,5
898,899,1,496,1148,56.87475,40.29633333,B0047,南关区,5741,1,115,5
899,900,21,1138,2634,58.55,43.974,B0047,南关区,5944,1,115,5
900,901,9,335,677,54.49975,15.844000000000001,B0062,南关区,5516,1,130,2
901,902,10,416,963,57.553999999999995,40.523,B0047,南关区,5841,1,115,5
902,903,6,482,1115,57.6575,41.255,B0047,南关区,5842,1,115,5
903,904,10,848,1962,61.07625,34.37433333,B0048,南关区,6235,1,116,4
904,905,5,321,734,56.7565,40.70633333,B0066,南关区,5741,1,134,6
905,906,2,289,661,59.66975,42.70133333,B0066,南关区,6043,1,134,6
906,907,6,155,353,49.2925,12.4,B0062,南关区,5013,1,130,2
907,908,6,321,734,57.55,42.09033333,B0066,南关区,5843,1,134,6
908,909,7,446,1019,58.2375,41.21033333,B0066,南关区,5942,1,134,6
909,910,15,480,1357,46.926,19.31933333,B0067,南关区,4720,1,135,3
910,911,8,510,1537,61.5905,35.453,B0058,南关区,6236,1,126,7
911,912,3,283,747,58.24825,28.201,B0066,南关区,5929,1,134,6
912,913,7,742,1592,62.38825,29.36233333,B0064,南关区,6330,1,132,2
913,914,7,565,1704,62.28325,37.57966667,B0058,南关区,6338,1,126,7
914,915,4,207,421,58.43,49.71333333,B0055,南关区,5950,1,123,1
915,916,2,246,741,64.55375,50.28033333,B0053,南关区,6551,1,121,1
916,917,1,512,1627,58.8345,43.81066667,B0066,南关区,5944,1,134,6
917,918,14,306,865,46.10125,19.24466667,B0067,南关区,4720,1,135,3
918,919,6,362,837,60.028999999999996,19.70966667,B0035,南关区,6120,1,103,1
919,920,8,738,1687,58.98825,42.316,B0050,南关区,5943,1,118,1
920,921,2,438,885,59.69175,44.042,B0063,南关区,6045,1,131,2
921,922,3,294,887,62.172,48.17266667,B0063,南关区,6349,1,131,2
922,923,6,220,630,54.59225,24.74166667,B0033,南关区,5525,1,101,2
923,924,10,998,3152,81.1755,41.35233333,G0007,经开区,8242,6,337,1
924,925,4,1460,3461,76.95175,28.307,G0025,经开区,7729,6,355,3
925,926,18,1932,4731,74.598,43.46866667,G0015,经开区,7544,6,345,1
926,927,10,1333,3011,67.058,34.474000000000004,G0029,经开区,6835,6,359,1
927,928,31,1765,3918,74.37425,42.40866667,G0018,经开区,7543,6,348,2
928,929,26,2190,6535,66.915,29.10866667,G0032,经开区,6730,6,362,1
929,930,21,2617,6705,78.18575,30.445999999999998,G0019,经开区,7931,6,349,5
930,931,10,932,2103,74.52675,32.81366667,G0014,经开区,7533,6,344,5
931,932,27,1696,5195,68.33925,31.20966667,G0031,经开区,6932,6,361,1
932,933,4,463,1045,74.35175,27.54733333,G0014,经开区,7528,6,344,5
933,934,3,821,2197,81.09575,42.207,G0012,经开区,8243,6,342,1
934,935,12,1283,3915,71.85425,32.15866667,G0038,经开区,7233,6,368,1
935,936,9,859,2294,84.06125,45.678000000000004,G0010,经开区,8546,6,340,9
936,937,5,583,1316,75.28,28.28433333,G0014,经开区,7629,6,344,5
937,938,3,335,749,76.21825,28.570999999999998,G0037,经开区,7729,6,367,5
938,939,3,422,872,82.01799999999999,41.81466667,G0011,经开区,8342,6,341,4
939,940,14,1089,3121,66.98975,32.618,G0030,经开区,6733,6,360,1
940,941,12,962,2429,78.7295,44.97,G0006,经开区,7945,6,336,2
941,942,26,1463,3503,68.45575,30.01333333,G0024,经开区,6931,6,354,2
942,943,10,836,1794,65.873,33.61466667,G0033,经开区,6634,6,363,1
943,944,10,782,2844,66.565,36.98566667,G0002,经开区,6737,6,332,2
944,945,13,1039,2346,74.68875,32.01433333,G0014,经开区,7533,6,344,5
945,946,3,293,701,68.00125,34.63666667,G0024,经开区,6935,6,354,2
946,947,8,1138,2874,79.5875,46.18133333,G0006,经开区,8047,6,336,2
947,948,17,1500,3096,81.40475,40.50133333,G0011,经开区,8241,6,341,4
948,949,4,477,1059,72.17725,32.94766667,G0018,经开区,7333,6,348,2
949,950,8,1106,2455,74.57675,39.90533333,G0017,经开区,7540,6,347,4
950,951,3,341,1100,80.08125,41.50899999999999,G0008,经开区,8142,6,338,1
951,952,7,452,1644,66.8035,35.66866667,G0002,经开区,6736,6,332,2
952,953,10,1676,3460,81.69800000000001,47.22766667,G0011,经开区,8248,6,341,4
953,954,10,706,1457,82.76325,41.12466667,G0011,经开区,8342,6,341,4
954,955,2,259,698,67.83575,37.15166667,G0028,经开区,6838,6,358,2
955,956,2,376,1004,80.3915,43.32866667,G0042,经开区,8144,6,372,1
956,957,19,1221,2822,65.79525,31.756999999999998,G0001,经开区,6632,6,331,4
957,958,10,651,1504,65.98625,34.74033333,G0001,经开区,6635,6,331,4
958,959,22,1779,4015,74.44875,33.205999999999996,G0014,经开区,7534,6,344,5
959,960,14,1533,3375,78.4925,45.11033333,G0016,经开区,7946,6,346,4
960,961,2,251,580,66.56625,33.24933333,G0001,经开区,6734,6,331,4
961,962,3,460,1228,83.05725,43.45733333,G0010,经开区,8444,6,340,9
962,963,2,147,376,77.4855,29.285999999999998,G0019,经开区,7830,6,349,5
963,964,6,674,1372,74.57675,39.90533333,G0017,经开区,7540,6,347,4
964,965,26,1370,3017,74.432,41.09266667,G0016,经开区,7542,6,346,4
965,966,17,1366,3649,82.8455,42.669,G0010,经开区,8343,6,340,9
966,967,7,598,1218,77.0035,42.14333333,G0017,经开区,7843,6,347,4
967,968,3,281,650,66.81575,31.60066667,G0001,经开区,6732,6,331,4
968,969,9,707,1904,67.68025,29.39666667,G0028,经开区,6830,6,358,2
969,970,7,852,1876,78.4925,45.11033333,G0016,经开区,7946,6,346,4
970,971,7,709,1437,65.71600000000001,36.27066667,G0036,经开区,6637,6,366,3
971,972,6,718,1456,68.6825,28.43433333,G0036,经开区,6929,6,366,3
972,973,2,246,657,83.6285,44.30166667,G0010,经开区,8445,6,340,9
973,974,4,506,1297,78.07125,32.70133333,G0019,经开区,7933,6,349,5
974,975,3,227,607,82.65475,41.606,G0010,经开区,8342,6,340,9
975,976,4,311,830,82.12225,41.132,G0010,经开区,8342,6,340,9
976,977,6,380,879,65.06775,31.43433333,G0035,经开区,6632,6,365,1
977,978,4,319,852,82.57525,42.115,G0010,经开区,8343,6,340,9
978,979,2,459,935,74.2425,34.58366667,G0017,经开区,7535,6,347,4
979,980,4,597,1335,71.48275,32.95166667,G0037,经开区,7233,6,367,5
980,981,16,1262,3371,84.50575,42.37433333,G0010,经开区,8543,6,340,9
981,982,8,456,1181,65.095,30.35333333,G0034,经开区,6631,6,364,6
982,983,10,432,951,75.87675,42.99,G0016,经开区,7643,6,346,4
983,984,21,1040,2117,74.8555,39.23166667,G0037,经开区,7540,6,367,5
984,985,2,359,791,76.58,43.90633333,G0019,经开区,7744,6,349,5
985,986,2,392,877,73.015,27.62,G0037,经开区,7428,6,367,5
986,987,4,559,1138,73.7315,35.231,G0037,经开区,7436,6,367,5
987,988,5,437,978,72.25275,35.40266667,G0026,经开区,7336,6,356,9
988,989,3,260,582,74.1505,33.08766667,G0025,经开区,7534,6,355,3
989,990,2,125,326,73.918,42.958,G0005,经开区,7443,6,335,3
990,991,4,233,597,75.781,42.19166667,G0019,经开区,7643,6,349,5
991,992,13,1172,2419,76.65775,41.20333333,G0040,经开区,7742,6,370,4
992,993,1,151,403,82.73200000000001,43.37266667,G0010,经开区,8344,6,340,9
993,994,1,61,139,65.81775,30.250999999999998,G0003,经开区,6631,6,333,1
994,995,4,265,592,75.4705,35.132,G0025,经开区,7636,6,355,3
995,996,1,132,268,67.734,28.97633333,G0036,经开区,6829,6,366,3
996,997,1,166,337,67.3905,36.21966667,G0027,经开区,6837,6,357,9
997,998,3,269,602,70.7445,32.17133333,G0027,经开区,7133,6,357,9
998,999,4,459,1376,71.5015,34.68566667,G0026,经开区,7235,6,356,9
999,1000,1,466,962,77.98375,31.51733333,G0040,经开区,7832,6,370,4
1000,1001,21,5445,13930,82.03425,48.617,G0022,经开区,8349,6,352,1
1001,1002,1,277,657,76.112,29.95333333,G0023,经开区,7730,6,353,2
1002,1003,4,577,1729,74.0845,33.626,G0026,经开区,7534,6,356,9
1003,1004,5,371,766,77.26525,41.15266667,G0040,经开区,7842,6,370,4
1004,1005,3,163,422,66.72475,31.816999999999997,G0034,经开区,6732,6,364,6
1005,1006,2,241,497,76.42,35.67166667,G0040,经开区,7736,6,370,4
1006,1007,2,673,1742,65.4955,37.86933333,G0034,经开区,6638,6,364,6
1007,1008,2,303,784,66.02975,37.30733333,G0034,经开区,6738,6,364,6
1008,1009,1,92,338,68.72075,36.724000000000004,G0027,经开区,6937,6,357,9
1009,1010,1,120,441,68.89325,36.35366667,G0027,经开区,6937,6,357,9
1010,1011,16,1238,3111,82.6255,46.20866667,G0020,经开区,8347,6,350,1
1011,1012,7,376,982,76.6855,43.403999999999996,G0005,经开区,7744,6,335,3
1012,1013,1,520,1204,82.09975,43.47733333,G0004,经开区,8344,6,334,1
1013,1014,1,47,122,65.992,35.62633333,G0034,经开区,6636,6,364,6
1014,1015,2,177,651,70.07125,34.866,G0027,经开区,7135,6,357,9
1015,1016,4,438,987,83.985,41.53566667,G0021,经开区,8442,6,351,1
1016,1017,4,125,459,66.82625,37.733000000000004,G0027,经开区,6738,6,357,9
1017,1018,1,207,620,72.67775,35.55766667,G0026,经开区,7336,6,356,9
1018,1019,3,385,799,75.212,38.22466667,G0023,经开区,7639,6,353,2
1019,1020,3,63,164,65.643,32.93633333,G0034,经开区,6633,6,364,6
1020,1021,8,850,2220,75.86075,41.115,G0005,经开区,7642,6,335,3
1021,1022,3,194,507,75.6265,42.79600000000001,G0041,经开区,7643,6,371,1
1022,1023,7,251,518,76.9665,42.8,G0039,经开区,7743,6,369,4
1023,1024,5,423,1268,73.533,39.33833333,G0026,经开区,7440,6,356,9
1024,1025,6,390,822,80.22175,47.475,G0009,经开区,8148,6,339,1
1025,1026,2,177,651,70.13225,35.47533333,G0027,经开区,7136,6,357,9
1026,1027,1,44,162,67.84875,36.70766667,G0027,经开区,6837,6,357,9
1027,1028,1,312,843,82.32975,42.80366667,G0013,经开区,8343,6,343,1
1028,1029,5,193,422,74.20975,38.95833333,G0026,经开区,7539,6,356,9
1029,1030,1,125,374,73.5365,35.60033333,G0026,经开区,7436,6,356,9
1030,1031,1,526,1086,76.6115,38.22266667,G0039,经开区,7739,6,369,4
1031,1032,1,208,623,74.6545,33.67533333,G0026,经开区,7534,6,356,9
1032,1033,3,263,543,79.829,43.50833333,G0039,经开区,8044,6,369,4
1033,1034,1,99,205,76.2895,42.028999999999996,G0039,经开区,7743,6,369,4
1034,1035,1,112,336,72.9355,34.84666667,G0026,经开区,7335,6,356,9
1035,1036,1,128,471,67.47125,35.76866667,G0027,经开区,6836,6,357,9
1036,1037,8,1534,3122,80.09525,50.61066667,G0043,经开区,8151,6,373,1
1037,1038,134,4282,12106,42.766999999999996,27.90233333,F0021,长春新区(高新),4328,5,322,2
1038,1039,23,5023,14147,39.61025,9.523,F0011,长春新区(高新),4010,5,312,1
1039,1040,36,4846,10750,39.7005,12.01,F0008,长春新区(高新),4013,5,309,4
1040,1041,33,3694,8195,40.42825,10.68133333,F0008,长春新区(高新),4111,5,309,4
1041,1042,13,2749,7299,39.726,8.113333333,F0015,长春新区(高新),4009,5,316,1
1042,1043,100,5684,12183,37.02275,24.95233333,F0018,长春新区(高新),3825,5,319,3
1043,1044,23,3265,7243,36.79825,21.026,F0008,长春新区(高新),3722,5,309,4
1044,1045,37,2720,10095,30.11675,11.53033333,F0009,长春新区(高新),3112,5,310,1
1045,1046,30,5747,12148,28.83425,20.264,F0022,长春新区(高新),2921,5,323,3
1046,1047,70,2273,4872,35.99525,27.291,F0018,长春新区(高新),3628,5,319,3
1047,1048,30,1948,4024,46.763000000000005,26.206999999999997,F0003,长春新区(高新),4727,5,304,2
1048,1049,80,3752,8042,34.62325,28.487,F0018,长春新区(高新),3529,5,319,3
1049,1050,22,2505,5225,31.30825,8.086666667000001,F0007,长春新区(高新),3209,5,308,2
1050,1051,90,2874,7076,34.9895,22.34233333,F0020,长春新区(高新),3523,5,321,1
1051,1052,15,2613,5450,32.6205,9.62,F0007,长春新区(高新),3310,5,308,2
1052,1053,20,2939,6212,30.37475,21.28133333,F0022,长春新区(高新),3122,5,323,3
1053,1054,21,1445,3206,31.27175,9.094,F0008,长春新区(高新),3210,5,309,4
1054,1055,17,1647,3750,39.80775,18.66033333,F0016,长春新区(高新),4019,5,317,6
1055,1056,174,3002,6346,32.89925,2.931666667,F0022,长春新区(高新),3303,5,323,3
1056,1057,10,1072,2740,40.9945,31.69233333,F0019,长春新区(高新),4132,5,320,3
1057,1058,10,1373,3509,41.47275,31.05333333,F0019,长春新区(高新),4232,5,320,3
1058,1059,20,1870,5324,30.25775,19.498,F0005,长春新区(高新),3120,5,306,1
1059,1060,13,1194,3193,34.181,14.31133333,F0006,长春新区(高新),3515,5,307,1
1060,1061,31,2272,5502,31.3435,11.72866667,F0028,长春新区(高新),3212,5,329,3
1061,1062,20,1478,3742,34.68525,25.82166667,F0027,长春新区(高新),3526,5,328,4
1062,1063,16,2350,5351,41.32575,20.96433333,F0016,长春新区(高新),4221,5,317,6
1063,1064,32,1728,4374,35.2755,27.97733333,F0027,长春新区(高新),3628,5,328,4
1064,1065,58,3773,8591,37.3615,5.541,F0016,长春新区(高新),3806,5,317,6
1065,1066,36,1101,2439,39.764,26.768,F0017,长春新区(高新),4027,5,318,4
1066,1067,28,1777,4046,41.5435,6.726666667000001,F0016,长春新区(高新),4207,5,317,6
1067,1068,16,1207,3085,40.69575,31.71133333,F0019,长春新区(高新),4132,5,320,3
1068,1069,32,3044,7371,33.91025,9.343666667,F0028,长春新区(高新),3410,5,329,3
1069,1070,16,970,2456,36.02575,26.15266667,F0027,长春新区(高新),3727,5,328,4
1070,1071,12,2957,7161,32.9585,14.97633333,F0028,长春新区(高新),3315,5,329,3
1071,1072,42,1546,3520,41.42225,17.29633333,F0016,长春新区(高新),4218,5,317,6
1072,1073,22,584,1294,37.69525,26.11833333,F0017,长春新区(高新),3827,5,318,4
1073,1074,8,454,1284,45.14425,26.156,F0021,长春新区(高新),4627,5,322,2
1074,1075,8,782,1980,34.808,24.925,F0027,长春新区(高新),3525,5,328,4
1075,1076,30,823,1823,41.8935,26.10333333,F0017,长春新区(高新),4227,5,318,4
1076,1077,15,520,1152,42.5585,29.49466667,F0017,长春新区(高新),4330,5,318,4
1077,1078,12,1353,3081,41.66075,23.04633333,F0016,长春新区(高新),4224,5,317,6
1078,1079,18,3995,9152,36.33075,9.354,F0023,长春新区(高新),3710,5,324,5
1079,1080,10,1694,4414,33.92975,15.89133333,F0029,长春新区(高新),3416,5,330,1
1080,1081,15,1226,2532,38.51225,18.64366667,F0003,长春新区(高新),3919,5,304,2
1081,1082,8,790,1670,48.291000000000004,26.95033333,F0010,长春新区(高新),4927,5,311,7
1082,1083,11,812,1860,34.55025,13.79033333,F0023,长春新区(高新),3514,5,324,5
1083,1084,28,1850,3911,40.1315,17.769000000000002,F0010,长春新区(高新),4118,5,311,7
1084,1085,10,492,1173,35.90525,26.105999999999998,F0024,长春新区(高新),3627,5,325,6
1085,1086,15,464,981,45.01775,27.77066667,F0010,长春新区(高新),4628,5,311,7
1086,1087,12,494,1044,41.64075,15.92166667,F0010,长春新区(高新),4216,5,311,7
1087,1088,8,472,1055,43.56825,29.404,F0001,长春新区(高新),4430,5,302,4
1088,1089,34,901,2015,40.15425,25.818,F0001,长春新区(高新),4126,5,302,4
1089,1090,20,1194,2761,40.62125,29.10433333,F0004,长春新区(高新),4130,5,305,2
1090,1091,12,568,1201,41.188,14.465,F0010,长春新区(高新),4215,5,311,7
1091,1092,11,1419,3251,30.2475,19.98066667,F0023,长春新区(高新),3120,5,324,5
1092,1093,5,973,2057,40.5455,20.97233333,F0010,长春新区(高新),4121,5,311,7
1093,1094,10,783,1655,39.48775,22.26833333,F0010,长春新区(高新),4023,5,311,7
1094,1095,9,1050,2288,40.1315,17.769000000000002,F0012,长春新区(高新),4118,5,313,6
1095,1096,64,1321,2878,41.47475,8.034666667,F0012,长春新区(高新),4209,5,313,6
1096,1097,10,253,551,45.39975,28.89833333,F0012,长春新区(高新),4629,5,313,6
1097,1098,4,524,1142,45.1575,26.15533333,F0012,长春新区(高新),4627,5,313,6
1098,1099,9,684,1567,34.57575,14.53133333,F0023,长春新区(高新),3515,5,324,5
1099,1100,8,281,612,44.58,27.05266667,F0012,长春新区(高新),4528,5,313,6
1100,1101,7,537,1170,41.01025,15.75833333,F0012,长春新区(高新),4216,5,313,6
1101,1102,6,713,1700,36.26325,21.691,F0024,长春新区(高新),3722,5,325,6
1102,1103,1,527,2156,47.19425,26.84733333,F0013,长春新区(高新),4827,5,314,5
1103,1104,26,1394,3243,48.47975,26.285,F0013,长春新区(高新),4927,5,314,5
1104,1105,9,689,1578,32.358000000000004,15.63533333,F0023,长春新区(高新),3316,5,324,5
1105,1106,3,252,586,45.4845,27.12233333,F0013,长春新区(高新),4628,5,314,5
1106,1107,23,850,2589,45.01,29.764,F0002,长春新区(高新),4630,5,303,1
1107,1108,32,982,2284,41.308,9.365,F0013,长春新区(高新),4210,5,314,5
1108,1109,19,447,999,41.19375,27.30833333,F0001,长春新区(高新),4228,5,302,4
1109,1110,8,506,1170,40.99725,30.75633333,F0004,长春新区(高新),4131,5,305,2
1110,1111,10,1504,3466,30.7195,12.54166667,F0025,长春新区(高新),3113,5,326,1
1111,1112,8,987,2353,30.25775,19.498,F0024,长春新区(高新),3120,5,325,6
1112,1113,7,1562,3724,38.88375,24.243000000000002,F0024,长春新区(高新),3925,5,325,6
1113,1114,30,1231,2752,38.918,29.68733333,F0001,长春新区(高新),3930,5,302,4
1114,1115,1,192,447,44.9725,27.18333333,F0013,长春新区(高新),4528,5,314,5
1115,1116,42,1275,3040,32.417,5.199333333,F0024,长春新区(高新),3306,5,325,6
1116,1117,12,1089,2596,38.949,26.979,F0024,长春新区(高新),3927,5,325,6
1117,1118,20,1361,2915,48.32125,25.026,F0014,长春新区(高新),4926,5,315,3
1118,1119,28,3321,7112,35.9695,8.701666667000001,F0014,长春新区(高新),3609,5,315,3
1119,1120,22,1313,5240,37.3915,22.57166667,F0026,长春新区(高新),3823,5,327,2
1120,1121,6,150,321,44.56775,28.50633333,F0014,长春新区(高新),4529,5,315,3
1121,1122,10,1422,5676,38.0165,23.37333333,F0026,长春新区(高新),3924,5,327,2
1122,1123,47,1248,3306,87.001,21.33733333,H0024,净月区,8822,7,397,1
1123,1124,18,1955,4980,65.84100000000001,18.412,H0042,净月区,6619,7,415,1
1124,1125,10,1299,3453,73.3305,18.18766667,H0043,净月区,7419,7,416,1
1125,1126,33,1193,2722,63.94025,23.65033333,H0001,净月区,6424,7,374,8
1126,1127,13,973,1997,66.8855,18.66633333,H0040,净月区,6719,7,413,6
1127,1128,4,715,1467,65.5565,21.13533333,H0040,净月区,6622,7,413,6
1128,1129,31,1579,3242,65.54225,24.199,H0040,净月区,6625,7,413,6
1129,1130,9,770,1581,67.22725,19.93066667,H0040,净月区,6820,7,413,6
1130,1131,7,1092,2242,71.72025,16.326,H0040,净月区,7217,7,413,6
1131,1132,12,878,1824,76.096,26.749000000000002,H0041,净月区,7727,7,414,3
1132,1133,23,1662,3412,72.5235,27.31266667,H0040,净月区,7328,7,413,6
1133,1134,36,1283,2592,65.515,25.325,H0001,净月区,6626,7,374,8
1134,1135,11,1810,3760,72.0505,18.217,H0041,净月区,7319,7,414,3
1135,1136,11,543,1128,67.1815,21.319000000000003,H0041,净月区,6822,7,414,3
1136,1137,17,593,1232,69.9955,25.598000000000003,H0046,净月区,7026,7,419,3
1137,1138,10,340,693,86.9515,22.69033333,H0039,净月区,8723,7,412,1
1138,1139,19,1311,2681,83.84275,17.495,H0037,净月区,8418,7,410,1
1139,1140,14,490,1012,67.256,22.28133333,H0046,净月区,6823,7,419,3
1140,1141,21,833,1720,67.00925,25.79666667,H0046,净月区,6826,7,419,3
1141,1142,17,845,1744,67.2075,24.90333333,H0029,净月区,6825,7,402,4
1142,1143,23,921,2064,85.85875,5.375666667000001,H0028,净月区,8606,7,401,1
1143,1144,16,838,1796,67.16625,24.10566667,H0029,净月区,6825,7,402,4
1144,1145,13,476,973,83.46875,13.85266667,H0038,净月区,8414,7,411,1
1145,1146,10,518,1110,70.84100000000001,25.56733333,H0029,净月区,7126,7,402,4
1146,1147,6,571,1225,68.3055,19.86866667,H0029,净月区,6920,7,402,4
1147,1148,8,298,853,65.47475,20.781,H0001,净月区,6621,7,374,8
1148,1149,6,1021,2190,71.7245,16.12666667,H0030,净月区,7217,7,403,1
1149,1150,14,582,1666,64.26175,21.23133333,H0001,净月区,6522,7,374,8
1150,1151,24,736,1500,87.91325,27.47866667,H0027,净月区,8828,7,400,1
1151,1152,14,779,1970,85.1325,19.39533333,H0035,净月区,8620,7,408,6
1152,1153,11,447,1279,65.742,25.69033333,H0001,净月区,6626,7,374,8
1153,1154,11,1344,3503,73.688,17.373,H0035,净月区,7418,7,408,6
1154,1155,23,2881,8246,66.712,11.10533333,H0001,净月区,6712,7,374,8
1155,1156,13,548,1115,69.19525,25.896,H0051,净月区,7026,7,424,1
1156,1157,14,545,1228,71.8355,17.21733333,H0035,净月区,7218,7,408,6
1157,1158,29,675,1932,64.31225,25.173000000000002,H0001,净月区,6526,7,374,8
1158,1159,7,720,2061,63.41575,21.17566667,H0001,净月区,6422,7,374,8
1159,1160,11,228,513,86.09475,8.885,H0035,净月区,8709,7,408,6
1160,1161,10,357,1022,66.52275,23.07266667,H0002,净月区,6724,7,375,3
1161,1162,5,239,539,87.3625,18.63466667,H0035,净月区,8819,7,408,6
1162,1163,5,414,842,71.075,27.338,H0057,净月区,7228,7,430,2
1163,1164,19,450,1014,85.25225,25.230999999999998,H0035,净月区,8626,7,408,6
1164,1165,8,498,1425,62.8965,21.10833333,H0002,净月区,6322,7,375,3
1165,1166,10,554,1222,88.54525,29.058000000000003,H0033,净月区,8930,7,406,2
1166,1167,19,493,1111,85.0995,9.136666667,H0033,净月区,8610,7,406,2
1167,1168,6,331,667,67.22725,19.93066667,H0002,净月区,6820,7,375,3
1168,1169,18,838,1888,83.2245,3.4136666669999998,H0008,净月区,8404,7,381,1
1169,1170,24,787,1585,65.68275,26.68666667,H0003,净月区,6627,7,376,10
1170,1171,8,493,1111,86.75525,5.8186666670000005,H0004,净月区,8706,7,377,1
1171,1172,9,707,1637,80.90075,23.25333333,H0009,净月区,8124,7,382,5
1172,1173,6,196,399,88.03525,19.33366667,H0006,净月区,8920,7,379,2
1173,1174,5,276,608,84.15299999999999,13.75,H0006,净月区,8514,7,379,2
1174,1175,14,564,1428,86.68375,26.439,H0007,净月区,8727,7,380,1
1175,1176,11,503,1013,68.70100000000001,26.506,H0003,净月区,6927,7,376,10
1176,1177,17,355,1042,79.67775,4.225333333,H0009,净月区,8005,7,382,5
1177,1178,9,1163,2488,81.44025,23.396,H0009,净月区,8224,7,382,5
1178,1179,9,269,681,84.0695,11.915,H0009,净月区,8512,7,382,5
1179,1180,10,420,958,81.73925,22.35833333,H0009,净月区,8223,7,382,5
1180,1181,3,275,555,66.0785,22.36466667,H0003,净月区,6723,7,376,10
1181,1182,26,563,1428,71.5415,11.04733333,H0005,净月区,7212,7,378,1
1182,1183,9,1112,2332,74.407,16.07033333,H0025,净月区,7517,7,398,3
1183,1184,9,637,1362,84.5505,18.85766667,H0012,净月区,8519,7,385,10
1184,1185,2,68,192,62.958999999999996,21.54866667,H0003,净月区,6322,7,376,10
1185,1186,5,1659,4681,68.9555,20.50566667,H0003,净月区,6921,7,376,10
1186,1187,10,282,606,83.337,13.110999999999999,H0012,净月区,8414,7,385,10
1187,1188,9,308,660,83.32225,11.76766667,H0012,净月区,8412,7,385,10
1188,1189,13,347,1084,70.696,16.73566667,H0052,净月区,7117,7,425,3
1189,1190,11,307,866,64.71275,26.34166667,H0003,净月区,6527,7,376,10
1190,1191,9,514,1099,80.2895,9.552666667,H0012,净月区,8110,7,385,10
1191,1192,11,306,774,89.163,19.033,H0012,净月区,9020,7,385,10
1192,1193,8,455,973,81.31775,23.586,H0012,净月区,8224,7,385,10
1193,1194,14,2718,5740,72.6725,16.587,H0026,净月区,7317,7,399,5
1194,1195,8,280,599,79.49625,9.460666667,H0012,净月区,8010,7,385,10
1195,1196,7,440,1241,68.50025,24.88933333,H0003,净月区,6925,7,376,10
1196,1197,4,300,847,68.01675,22.002,H0003,净月区,6923,7,376,10
1197,1198,5,160,451,67.35300000000001,19.241,H0003,净月区,6820,7,376,10
1198,1199,7,485,1049,71.29525,25.95566667,H0057,净月区,7226,7,430,2
1199,1200,4,1007,3146,71.12725,22.268,H0052,净月区,7223,7,425,3
1200,1201,5,696,1506,70.6695,23.50733333,H0052,净月区,7124,7,425,3
1201,1202,19,404,964,83.84275,17.495,H0012,净月区,8418,7,385,10
1202,1203,6,618,2212,69.34675,27.749000000000002,H0053,净月区,7028,7,426,5
1203,1204,5,764,1602,74.563,17.065,H0025,净月区,7518,7,398,3
1204,1205,5,136,306,84.53375,14.41866667,H0047,净月区,8515,7,420,1
1205,1206,22,531,1266,83.68425,4.750666667,H0012,净月区,8405,7,385,10
1206,1207,8,373,1334,70.066,24.639,H0053,净月区,7125,7,426,5
1207,1208,10,321,765,80.8795,14.78133333,H0012,净月区,8115,7,385,10
1208,1209,12,1126,3176,64.1795,18.36533333,H0003,净月区,6519,7,376,10
1209,1210,6,328,781,84.8155,18.358,H0013,净月区,8519,7,386,3
1210,1211,21,634,1512,85.75625,4.052,H0013,净月区,8605,7,386,3
1211,1212,10,528,1258,80.95275,5.974,H0013,净月区,8106,7,386,3
1212,1213,10,257,612,83.67925,18.30266667,H0014,净月区,8419,7,387,2
1213,1214,3,213,461,80.9445,26.482,H0010,净月区,8127,7,383,1
1214,1215,3,96,230,86.47875,24.41533333,H0014,净月区,8725,7,387,2
1215,1216,5,159,379,81.5585,8.256333332999999,H0015,净月区,8209,7,388,3
1216,1217,5,191,454,85.166,26.384,H0015,净月区,8627,7,388,3
1217,1218,7,258,541,72.365,11.66,H0025,净月区,7312,7,398,3
1218,1219,4,96,211,86.9425,18.53333333,H0015,净月区,8719,7,388,3
1219,1220,8,342,964,64.85275,21.12133333,H0032,净月区,6522,7,405,3
1220,1221,12,1149,2480,71.521,24.285999999999998,H0050,净月区,7225,7,423,1
1221,1222,13,458,1003,86.69425,16.84633333,H0017,净月区,8717,7,390,1
1222,1223,3,386,816,74.9635,18.05033333,H0026,净月区,7519,7,399,5
1223,1224,11,282,617,92.85825,20.49233333,H0016,净月区,9321,7,389,1
1224,1225,14,719,1574,86.75525,5.8186666670000005,H0049,净月区,8706,7,422,4
1225,1226,27,628,1279,75.12625,5.1979999999999995,H0026,净月区,7606,7,399,5
1226,1227,3,101,315,83.22225,15.012,H0018,净月区,8416,7,391,1
1227,1228,4,203,572,62.958999999999996,21.54866667,H0032,净月区,6322,7,405,3
1228,1229,14,422,959,78.44775,13.68733333,H0020,净月区,7914,7,393,1
1229,1230,11,364,980,90.48675,19.37633333,H0019,净月区,9120,7,392,1
1230,1231,2,70,152,84.571,15.05033333,H0011,净月区,8516,7,384,1
1231,1232,3,777,1640,69.95525,21.31933333,H0026,净月区,7022,7,399,5
1232,1233,4,113,319,64.8125,20.215,H0032,净月区,6521,7,405,3
1233,1234,9,543,1147,77.98025,4.2546666669999995,H0026,净月区,7805,7,399,5
1234,1235,2,156,396,68.16199999999999,26.83,H0045,净月区,6927,7,418,1
1235,1236,4,169,611,84.1855,13.071,H0021,净月区,8514,7,394,1
1236,1237,7,492,1039,77.1245,10.321,H0054,净月区,7811,7,427,2
1237,1238,3,401,876,87.4125,19.61266667,H0049,净月区,8820,7,422,4
1238,1239,5,581,1576,74.812,27.13166667,H0054,净月区,7528,7,427,2
1239,1240,11,726,1969,84.6905,3.139333333,H0056,净月区,8504,7,429,3
1240,1241,11,2151,5112,67.72775,10.96933333,H0034,净月区,6811,7,407,1
1241,1242,2,470,1034,64.85275,21.12133333,H0048,净月区,6522,7,421,1
1242,1243,6,457,969,79.12975,24.44933333,H0056,净月区,8025,7,429,3
1243,1244,4,463,981,78.23275,23.13833333,H0056,净月区,7924,7,429,3
1244,1245,5,199,727,79.17825,12.210999999999999,H0022,净月区,8013,7,395,1
1245,1246,6,173,424,82.1725,4.675,H0058,净月区,8305,7,431,5
1246,1247,3,107,264,89.9105,18.92833333,H0049,净月区,9019,7,422,4
1247,1248,10,367,777,74.513,26.057,H0058,净月区,7527,7,431,5
1248,1249,2,58,142,86.79975,15.776,H0049,净月区,8716,7,422,4
1249,1250,2,402,884,68.38125,7.199,H0058,净月区,6908,7,431,5
1250,1251,2,80,174,64.2295,22.28333333,H0023,净月区,6523,7,396,1
1251,1252,9,374,792,80.90025,8.199666667,H0058,净月区,8109,7,431,5
1252,1253,2,312,1018,79.016,23.21633333,H0058,净月区,8024,7,431,5
1253,1254,11,1448,3546,67.16975,9.827666667,H0053,净月区,6810,7,426,5
1254,1255,12,260,663,78.4255,6.319666667000001,H0059,净月区,7907,7,432,1
1255,1256,2,28,82,85.0355,13.673,H0036,净月区,8614,7,409,1
1256,1257,9,797,1685,73.6725,15.34633333,H0053,净月区,7416,7,426,5
1257,1258,4,135,483,79.6025,24.16,H0053,净月区,8025,7,426,5
1258,1259,2,68,244,84.115,17.36933333,H0044,净月区,8518,7,417,1
1259,1260,4,795,1681,77.4265,22.61733333,H0055,净月区,7823,7,428,8
1260,1261,2,60,128,85.95025,17.41966667,H0055,净月区,8618,7,428,8
1261,1262,2,90,254,81.44225,8.559666667,H0031,净月区,8209,7,404,1
1262,1263,5,169,551,91.679,20.09066667,H0055,净月区,9221,7,428,8
1263,1264,10,852,3048,78.737,23.64866667,H0055,净月区,7924,7,428,8
1264,1265,4,139,452,80.6905,12.51866667,H0055,净月区,8113,7,428,8
1265,1266,4,139,452,82.156,17.39333333,H0055,净月区,8318,7,428,8
1266,1267,22,564,1836,82.49725,4.523333333,H0055,净月区,8305,7,428,8
1267,1268,2,110,422,84.0895,12.28166667,H0055,净月区,8513,7,428,8
1268,1269,28,1598,3275,31.916999999999998,29.51233333,I0036,汽开区,3230,8,468,1
1269,1270,33,2147,4948,27.838,27.27766667,I0038,汽开区,2828,8,470,4
1270,1271,16,642,1720,41.7375,42.62466667,I0012,汽开区,4243,8,444,3
1271,1272,10,927,2485,41.34625,42.44733333,I0012,汽开区,4243,8,444,3
1272,1273,9,964,2020,40.162,43.823,I0040,汽开区,4144,8,472,5
1273,1274,13,1137,2620,20.7505,27.928,I0038,汽开区,2128,8,470,4
1274,1275,10,1522,3507,21.64975,25.096,I0038,汽开区,2226,8,470,4
1275,1276,8,1797,4206,44.02925,43.42100000000001,I0016,汽开区,4544,8,448,2
1276,1277,17,1082,2494,24.71775,25.14033333,I0038,汽开区,2526,8,470,4
1277,1278,25,1952,6396,24.86675,27.05466667,I0019,汽开区,2528,8,451,1
1278,1279,5,649,1590,37.35575,37.571,I0044,汽开区,3838,8,476,2
1279,1280,11,1175,2536,29.92,28.478,I0022,汽开区,3029,8,454,2
1280,1281,10,1216,2980,36.67725,37.079,I0044,汽开区,3738,8,476,2
1281,1282,19,1138,2471,45.69075,40.89566667,I0015,汽开区,4641,8,447,1
1282,1283,17,978,2111,23.125,27.82533333,I0022,汽开区,2428,8,454,2
1283,1284,5,289,624,42.77525,44.214,I0011,汽开区,4345,8,443,5
1284,1285,10,838,1794,26.87175,22.87733333,I0023,汽开区,2723,8,455,3
1285,1286,3,665,1394,41.3825,44.49100000000001,I0040,汽开区,4245,8,472,5
1286,1287,10,625,1310,41.3975,43.738,I0040,汽开区,4244,8,472,5
1287,1288,9,749,1603,26.16075,23.398000000000003,I0023,汽开区,2724,8,455,3
1288,1289,24,1282,3352,21.99875,34.239000000000004,I0020,汽开区,2235,8,452,1
1289,1290,8,530,1134,25.69625,25.76066667,I0023,汽开区,2626,8,455,3
1290,1291,21,1413,3160,22.115,35.15066667,I0018,汽开区,2336,8,450,2
1291,1292,7,964,2204,35.9975,41.51666667,I0045,汽开区,3642,8,477,2
1292,1293,10,374,1088,25.78025,25.29866667,I0024,汽开区,2626,8,456,3
1293,1294,10,818,2773,41.08625,37.34433333,I0043,汽开区,4238,8,475,1
1294,1295,21,1460,3714,24.38425,35.04233333,I0021,汽开区,2536,8,453,4
1295,1296,9,593,1215,31.09175,27.68966667,I0024,汽开区,3228,8,456,3
1296,1297,4,595,1301,33.14875,31.24833333,I0037,汽开区,3432,8,469,3
1297,1298,12,1139,3314,23.68125,26.506,I0024,汽开区,2427,8,456,3
1298,1299,21,1060,2317,31.9315,30.634,I0037,汽开区,3231,8,469,3
1299,1300,2,213,499,43.53825,42.14933333,I0016,汽开区,4443,8,448,2
1300,1301,20,2231,4868,18.80825,35.87366667,I0018,汽开区,1936,8,450,2
1301,1302,13,1558,3358,25.701999999999998,28.88366667,I0025,汽开区,2629,8,457,2
1302,1303,19,1482,3388,34.4215,39.49366667,I0045,汽开区,3540,8,477,2
1303,1304,4,427,920,23.54725,27.50133333,I0025,汽开区,2428,8,457,2
1304,1305,3,337,706,41.97675,44.51966667,I0040,汽开区,4245,8,472,5
1305,1306,7,527,1095,46.4025,43.75466667,I0017,汽开区,4744,8,449,3
1306,1307,8,611,1270,44.52875,43.03633333,I0017,汽开区,4544,8,449,3
1307,1308,9,745,1725,26.2985,34.308,I0035,汽开区,2735,8,467,5
1308,1309,10,708,1751,30.25975,36.41466667,I0042,汽开区,3137,8,474,1
1309,1310,2,217,543,39.97,42.28033333,I0050,汽开区,4043,8,482,1
1310,1311,2,375,842,42.61275,39.306,I0041,汽开区,4340,8,473,3
1311,1312,5,348,751,42.6125,43.49566667,I0011,汽开区,4344,8,443,5
1312,1313,13,589,1364,27.22575,35.00766667,I0035,汽开区,2836,8,467,5
1313,1314,7,468,1023,33.57325,32.63433333,I0037,汽开区,3433,8,469,3
1314,1315,19,1195,2683,36.141999999999996,37.909,I0041,汽开区,3738,8,473,3
1315,1316,8,736,1708,34.87175,38.23366667,I0052,汽开区,3539,8,484,1
1316,1317,9,376,871,30.8555,30.23333333,I0035,汽开区,3131,8,467,5
1317,1318,5,278,644,25.6335,22.96166667,I0035,汽开区,2623,8,467,5
1318,1319,1,237,513,37.34225,42.167,I0051,汽开区,3843,8,483,1
1319,1320,10,587,1318,41.3335,39.34666667,I0041,汽开区,4240,8,473,3
1320,1321,4,350,733,39.38225,42.093,I0040,汽开区,4043,8,472,5
1321,1322,8,402,1077,42.87225,38.93133333,I0012,汽开区,4339,8,444,3
1322,1323,4,244,625,38.91725,40.24633333,I0053,汽开区,3941,8,485,1
1323,1324,13,697,1614,32.42425,38.03066667,I0035,汽开区,3339,8,467,5
1324,1325,8,560,1425,31.255,36.72,I0021,汽开区,3237,8,453,4
1325,1326,19,1055,2245,40.848,40.150999999999996,I0046,汽开区,4141,8,478,4
1326,1327,11,547,1392,27.19675,35.48066667,I0021,汽开区,2836,8,453,4
1327,1328,13,665,1692,32.866,38.18,I0021,汽开区,3339,8,453,4
1328,1329,5,179,372,29.44725,26.90966667,I0010,汽开区,3027,8,442,1
1329,1330,1,160,340,38.9335,42.55033333,I0046,汽开区,3943,8,478,4
1330,1331,13,1068,2389,27.70425,34.81866667,I0027,汽开区,2835,8,459,1
1331,1332,17,597,1270,36.10325,39.43233333,I0046,汽开区,3740,8,478,4
1332,1333,10,571,1277,22.9775,34.47333333,I0029,汽开区,2335,8,461,1
1333,1334,8,331,704,36.2205,38.67966667,I0046,汽开区,3739,8,478,4
1334,1335,16,1068,2200,29.0015,36.23366667,I0048,汽开区,3037,8,480,4
1335,1336,16,760,1700,23.33375,35.44733333,I0030,汽开区,2436,8,462,1
1336,1337,20,834,3013,28.1,35.83266667,I0048,汽开区,2936,8,480,4
1337,1338,1,80,167,43.30825,43.53,I0017,汽开区,4444,8,449,3
1338,1339,1,90,192,40.96075,43.84333333,I0048,汽开区,4144,8,480,4
1339,1340,2,128,399,42.716,36.54433333,I0009,汽开区,4337,8,441,2
1340,1341,3,358,772,42.341,39.722,I0011,汽开区,4340,8,443,5
1341,1342,3,326,830,30.99975,37.24133333,I0048,汽开区,3138,8,480,4
1342,1343,8,416,1422,25.85525,36.09233333,I0039,汽开区,2637,8,471,4
1343,1344,16,770,1961,37.23725,39.30766667,I0011,汽开区,3840,8,443,5
1344,1345,17,1290,3286,30.427,35.58466667,I0009,汽开区,3136,8,441,2
1345,1346,13,1134,3528,28.37975,36.67966667,I0011,汽开区,2937,8,443,5
1346,1347,15,1054,2275,31.65575,33.292,I0034,汽开区,3234,8,466,4
1347,1348,1,62,180,20.98575,29.905,I0047,汽开区,2130,8,479,3
1348,1349,8,285,615,42.09475,38.29833333,I0034,汽开区,4339,8,466,4
1349,1350,2,75,162,41.9075,43.523999999999994,I0014,汽开区,4244,8,446,2
1350,1351,1,76,158,46.63775,41.38666667,I0014,汽开区,4742,8,446,2
1351,1352,7,548,1182,35.816,40.961000000000006,I0034,汽开区,3641,8,466,4
1352,1353,4,276,563,25.89725,35.19866667,I0039,汽开区,2636,8,471,4
1353,1354,3,172,358,43.5425,42.633,I0034,汽开区,4443,8,466,4
1354,1355,20,1358,2908,30.8195,32.76033333,I0047,汽开区,3133,8,479,3
1355,1356,16,893,2092,32.33125,37.22033333,I0047,汽开区,3338,8,479,3
1356,1357,8,526,1232,32.81,36.40266667,I0039,汽开区,3337,8,471,4
1357,1358,3,215,459,34.1185,38.02833333,I0026,汽开区,3539,8,458,1
1358,1359,10,743,1591,29.32275,35.179,I0039,汽开区,3036,8,471,4
1359,1360,4,271,661,45.3195,41.51433333,I0013,汽开区,4642,8,445,1
1360,1361,10,594,1272,33.04025,35.96,I0033,汽开区,3436,8,465,2
1361,1362,9,412,882,36.21025,39.50766667,I0002,汽开区,3740,8,434,3
1362,1363,7,364,743,23.84275,34.09733333,I0028,汽开区,2435,8,460,2
1363,1364,10,645,1373,32.8045,34.78633333,I0033,汽开区,3335,8,465,2
1364,1365,1,60,155,39.0255,42.22033333,I0054,汽开区,4043,8,486,1
1365,1366,5,326,663,35.17325,39.603,I0002,汽开区,3640,8,434,3
1366,1367,5,183,372,34.056,38.73933333,I0002,汽开区,3539,8,434,3
1367,1368,7,347,840,35.1485,37.14066667,I0001,汽开区,3638,8,433,6
1368,1369,1,270,654,41.673,40.778,I0001,汽开区,4241,8,433,6
1369,1370,3,187,545,33.31575,33.204,I0001,汽开区,3434,8,433,6
1370,1371,2,123,298,34.753,38.51666667,I0001,汽开区,3539,8,433,6
1371,1372,1,75,153,24.5725,34.19333333,I0028,汽开区,2535,8,460,2
1372,1373,1,81,194,44.66025,40.39566667,I0001,汽开区,4541,8,433,6
1373,1374,2,139,374,32.905,39.29233333,I0001,汽开区,3340,8,433,6
1374,1375,13,685,1996,33.0315,34.984,I0003,汽开区,3435,8,435,3
1375,1376,10,682,1987,32.119,36.031,I0003,汽开区,3337,8,435,3
1376,1377,15,811,1939,41.15325,41.09466667,I0003,汽开区,4242,8,435,3
1377,1378,13,837,1707,31.829,35.37066667,I0004,汽开区,3236,8,436,5
1378,1379,4,325,663,31.47825,34.49233333,I0004,汽开区,3235,8,436,5
1379,1380,4,208,440,25.53225,35.09033333,I0004,汽开区,2636,8,436,5
1380,1381,1,50,120,43.63225,43.896,I0004,汽开区,4444,8,436,5
1381,1382,3,138,329,36.183,36.433,I0004,汽开区,3737,8,436,5
1382,1383,2,70,167,41.38075,38.05333333,I0005,汽开区,4239,8,437,5
1383,1384,7,251,600,38.173,37.54933333,I0005,汽开区,3938,8,437,5
1384,1385,1,201,455,43.303000000000004,44.27733333,I0005,汽开区,4445,8,437,5
1385,1386,1,65,147,45.69075,40.89566667,I0005,汽开区,4641,8,437,5
1386,1387,11,703,1896,31.188000000000002,32.143,I0005,汽开区,3233,8,437,5
1387,1388,17,913,2066,30.147,27.586,I0031,汽开区,3128,8,463,8
1388,1389,1,126,285,41.40275,40.63266667,I0031,汽开区,4241,8,463,8
1389,1390,1,139,315,43.12325,43.33766667,I0031,汽开区,4444,8,463,8
1390,1391,5,263,556,23.9185,33.82133333,I0031,汽开区,2434,8,463,8
1391,1392,7,457,1034,34.971,36.639,I0031,汽开区,3537,8,463,8
1392,1393,1,198,448,45.90275,40.13633333,I0031,汽开区,4641,8,463,8
1393,1394,3,218,494,32.1595,32.65333333,I0031,汽开区,3333,8,463,8
1394,1395,3,202,433,41.46525,41.74133333,I0031,汽开区,4242,8,463,8
1395,1396,3,191,409,33.16175,39.20666667,I0032,汽开区,3440,8,464,6
1396,1397,1,163,332,42.5125,44.25866667,I0006,汽开区,4345,8,438,3
1397,1398,3,124,253,31.133000000000003,38.388000000000005,I0032,汽开区,3239,8,464,6
1398,1399,2,131,267,36.22975,36.079,I0006,汽开区,3737,8,438,3
1399,1400,1,111,226,41.89875,40.465,I0006,汽开区,4241,8,438,3
1400,1401,7,533,1086,32.745,34.02533333,I0032,汽开区,3335,8,464,6
1401,1402,4,187,381,31.54225,38.17966667,I0032,汽开区,3239,8,464,6
1402,1403,1,37,102,32.905,39.29233333,I0049,汽开区,3340,8,481,1
1403,1404,4,207,421,38.1365,40.79233333,I0032,汽开区,3941,8,464,6
1404,1405,5,231,908,25.50975,34.50633333,I0032,汽开区,2635,8,464,6
1405,1406,4,267,744,35.64725,40.52733333,I0008,汽开区,3641,8,440,3
1406,1407,2,185,727,26.07375,36.62833333,I0008,汽开区,2737,8,440,3
1407,1408,3,115,320,33.6255,36.866,I0008,汽开区,3437,8,440,3
1408,1409,1,48,134,45.3225,42.283,I0007,汽开区,4643,8,439,1
